sample,label
5_17_380460,1
5_17_380518,2
5_17_380548,1
5_17_380660,1
5_17_380687,2
5_17_380704,1
5_17_380789,2
5_17_380809,1
5_17_380872,2
5_17_380877,3
5_17_380894,1
5_17_380934,2
5_17_380942,1
5_17_380950,2
5_17_380978,2
5_17_380979,2
5_17_380986,1
5_17_380998,3
5_17_381019,2
5_17_381027,1
5_17_381064,2
5_17_381078,1
5_17_381087,1
5_17_381090,1
5_17_381241,4
5_17_400820,3
5_17_400934,3
5_17_400943,1
5_17_400958,4
5_17_401081,1
5_17_401108,3
5_17_401118,3
5_17_401197,1
5_17_401263,4
5_17_401330,2
5_17_401375,2
5_17_401377,3
5_17_401398,3
5_17_401446,2
5_17_401472,1
5_17_401487,1
5_17_401493,3
5_17_401494,1
5_17_401500,3
5_17_401552,4
5_17_401553,1
5_17_401591,1
5_17_401594,2
5_17_401618,2
5_17_401654,3
5_17_401761,2
5_17_481569,5
5_17_490272,3
5_17_490299,1
5_17_490364,4
5_17_490392,5
5_17_490496,3
5_17_510987,3
5_17_511048,3
5_17_511076,3
5_17_511098,3
5_17_511165,2
5_17_511186,2
5_17_511242,3
5_17_511277,2
5_17_511290,5
5_17_511316,3
5_17_590858,5
5_17_590874,5
5_17_591710,4
5_17_591740,5
5_17_591776,5
5_17_621071,5
5_17_621270,5
5_17_621280,4
5_17_621298,4
5_17_621302,4
5_17_621322,4
5_17_621680,4
5_17_621740,5
5_17_630792,4
5_17_630810,4
5_17_740666,5
5_18_1150822,2
5_18_1150851,1
5_18_1150881,2
5_18_1150937,2
5_18_1150942,1
5_18_1150975,2
5_18_1150982,5
5_18_1150984,3
5_18_1150986,1
5_18_1151016,4
5_18_1151044,3
5_18_1151063,1
5_18_1151102,2
5_18_1151167,1
5_18_1170961,1
5_18_1171019,1
5_18_1171075,1
5_18_1171078,1
5_18_1240575,5
5_18_1260384,3
5_18_1260496,3
5_18_1260583,1
5_18_1260700,1
5_18_1260780,1
5_18_1260783,2
5_18_1260790,1
5_18_1260793,1
5_18_1260808,2
5_18_1260829,3
5_18_1260839,2
5_18_1260842,2
5_18_1260849,3
5_18_1260866,1
5_18_1260911,2
5_18_1260913,2
5_18_1260918,2
5_18_1260921,1
5_18_1260933,2
5_18_1260944,2
5_18_1260962,3
5_18_1260968,2
5_18_1261010,1
5_18_1261023,2
5_18_1261041,2
5_18_1261049,3
5_18_1261083,2
5_18_1261195,1
5_18_1281049,4
5_18_1281162,2
5_18_1281179,4
5_18_1281327,2
5_18_1281482,2
5_18_1281495,2
5_18_1281514,1
5_18_1281526,1
5_18_1281548,3
5_18_1281549,1
5_18_1281559,2
5_18_1281560,1
5_18_1281582,1
5_18_1281593,2
5_18_1281629,1
5_18_1281637,3
5_18_1281649,3
5_18_1281654,2
5_18_1281656,2
5_18_1281672,1
5_18_1281676,1
5_18_1281694,1
5_18_1281716,2
5_18_1281732,1
5_18_1281739,1
5_18_1281754,1
5_18_1281793,2
5_18_1281832,3
5_18_1281836,4
5_18_1281872,2
5_18_1281878,2
5_18_1282278,4
5_18_1290163,5
5_18_1361874,4
5_18_1361898,4
5_18_1370083,4
5_18_1391139,5
5_18_1391155,5
5_18_1391162,4
5_18_1391382,4
5_18_1400233,5
5_18_1400264,4
5_18_1470619,5
5_18_1470657,4
5_18_1470682,5
5_18_1470709,4
5_18_1471611,5
5_18_1501725,5
5_18_1510247,5
5_18_1510446,4
5_18_1510484,4
5_18_1510531,1
5_18_1511199,5
5_19_1810289,5
5_19_2030270,2
5_19_2030319,2
5_19_2041963,4
5_19_2050258,2
5_19_2050293,1
5_19_2050569,1
5_19_2050599,1
5_19_2131561,3
5_19_2131779,2
5_19_2131824,3
5_19_2131844,3
5_19_2131854,1
5_19_2131909,2
5_19_2131932,3
5_19_2132056,1
5_19_2132072,3
5_19_2132093,2
5_19_2132100,2
5_19_2132110,1
5_19_2132119,5
5_19_2132129,1
5_19_2132141,1
5_19_2132143,3
5_19_2132181,1
5_19_2132182,1
5_19_2132186,2
5_19_2132205,1
5_19_2132207,1
5_19_2132212,3
5_19_2132229,1
5_19_2132256,2
5_19_2132257,2
5_19_2132268,1
5_19_2132274,1
5_19_2132275,1
5_19_2132278,3
5_19_2140173,5
5_19_2140178,3
5_19_2140184,1
5_19_2140198,4
5_19_2140209,1
5_19_2140232,3
5_19_2140237,4
5_19_2140239,2
5_19_2140308,2
5_19_2140339,3
5_19_2140344,2
5_19_2140349,3
5_19_2140360,3
5_19_2140367,2
5_19_2140380,1
5_19_2140474,1
5_19_2140548,1
5_19_2152568,1
5_19_2160489,1
5_19_2160623,1
5_19_2160639,2
5_19_2160648,1
5_19_2160699,1
5_19_2160730,1
5_19_2160736,1
5_19_2160755,4
5_19_2160799,4
5_19_2160821,2
5_19_2160965,2
5_19_2170336,2
5_19_2241126,5
5_19_2270800,4
5_19_2271052,4
5_19_2271229,4
5_19_2350829,4
5_19_2350997,4
5_19_2351003,5
5_19_2351343,5
5_19_2351451,4
5_19_2351472,4
5_19_2381438,5
5_19_2381626,4
5_19_2391130,3
5_19_2460126,4
5_20_2910440,2
5_20_2910460,2
5_20_2910466,1
5_20_2910518,2
5_20_2910573,2
5_20_2910660,3
5_20_2910693,1
5_20_2910793,1
5_20_2910826,2
5_20_2910839,1
5_20_2910857,1
5_20_2910863,3
5_20_2910888,3
5_20_2910895,3
5_20_2910896,2
5_20_2910913,1
5_20_2910929,1
5_20_2910930,2
5_20_2910931,1
5_20_2910956,3
5_20_2910974,2
5_20_2910975,3
5_20_2910996,1
5_20_2911014,5
5_20_2911019,2
5_20_2911037,2
5_20_2911041,2
5_20_2911065,5
5_20_2911073,1
5_20_2911081,2
5_20_2911083,1
5_20_2911086,2
5_20_2911095,1
5_20_2911126,4
5_20_2911127,3
5_20_2911136,1
5_20_2911138,1
5_20_2911144,3
5_20_2911160,2
5_20_2911162,2
5_20_2911180,1
5_20_2911192,2
5_20_2911213,2
5_20_2911227,1
5_20_2911241,1
5_20_2911260,3
5_20_2911278,1
5_20_2911305,3
5_20_2911337,2
5_20_2930879,2
5_20_2930891,2
5_20_2930892,2
5_20_2930893,2
5_20_2930911,2
5_20_3020218,1
5_20_3020332,3
5_20_3020368,2
5_20_3020399,3
5_20_3020464,1
5_20_3020641,1
5_20_3020655,2
5_20_3020671,3
5_20_3021371,1
5_20_3040999,1
5_20_3041230,2
5_20_3041257,1
5_20_3041287,2
5_20_3041349,3
5_20_3041377,3
5_20_3041385,1
5_20_3041394,1
5_20_3041406,2
5_20_3041409,3
5_20_3041410,2
5_20_3041415,4
5_20_3041424,2
5_20_3041432,3
5_20_3041441,2
5_20_3041462,2
5_20_3041464,2
5_20_3041465,2
5_20_3041469,1
5_20_3041474,2
5_20_3041477,2
5_20_3041479,2
5_20_3041499,2
5_20_3041503,3
5_20_3041507,5
5_20_3041512,3
5_20_3041516,1
5_20_3041519,2
5_20_3041526,2
5_20_3041529,1
5_20_3041532,3
5_20_3041537,2
5_20_3041544,2
5_20_3041548,3
5_20_3041561,2
5_20_3041566,4
5_20_3041576,2
5_20_3041584,4
5_20_3041591,2
5_20_3041593,3
5_20_3041594,1
5_20_3041604,3
5_20_3041606,3
5_20_3041610,3
5_20_3041619,2
5_20_3041629,2
5_20_3041631,2
5_20_3041638,3
5_20_3041656,3
5_20_3041719,5
5_20_3041801,2
5_20_3042002,2
5_20_3110986,5
5_20_3111238,4
5_20_3111347,5
5_20_3111434,4
5_20_3120189,5
5_20_3120274,4
5_20_3120730,5
5_20_3120802,4
5_20_3121020,5
5_20_3121026,4
5_20_3121041,4
5_20_3121044,5
5_20_3121116,4
5_20_3121133,5
5_20_3121160,5
5_20_3121277,5
5_20_3121285,5
5_20_3121347,5
5_20_3121353,5
5_20_3150439,2
5_20_3150466,4
5_20_3220092,4
5_20_3260833,4
5_20_3261496,5
5_20_3261615,4
5_20_3270121,4
6_21_490428,2
6_21_490429,4
6_21_490471,3
6_21_490509,4
6_21_490531,1
6_21_490557,3
6_21_490588,2
6_21_490612,4
6_21_490653,2
6_21_490656,3
6_21_490658,2
6_21_490681,1
6_21_490687,1
6_21_490698,2
6_21_490706,2
6_21_490708,2
6_21_490715,3
6_21_490740,4
6_21_490742,1
6_21_490745,3
6_21_490748,3
6_21_490755,1
6_21_490757,4
6_21_490782,2
6_21_490787,2
6_21_490788,1
6_21_490795,1
6_21_490832,3
6_21_490854,2
6_21_490856,1
6_21_490864,2
6_21_490865,2
6_21_490872,2
6_21_490875,2
6_21_490888,1
6_21_490892,1
6_21_490904,2
6_21_490905,2
6_21_490907,2
6_21_490911,1
6_21_490933,1
6_21_490940,4
6_21_490951,3
6_21_490956,1
6_21_490971,2
6_21_491023,2
6_21_491024,2
6_21_491062,4
6_21_491098,2
6_21_491130,1
6_21_491131,1
6_21_511285,3
6_21_511332,4
6_21_511418,1
6_21_511419,3
6_21_511421,1
6_21_511433,3
6_21_511442,1
6_21_511451,3
6_21_511452,3
6_21_511463,1
6_21_511465,3
6_21_511490,3
6_21_511495,1
6_21_511512,1
6_21_511513,1
6_21_511515,2
6_21_511536,1
6_21_511551,2
6_21_511558,2
6_21_511560,3
6_21_511579,3
6_21_511582,1
6_21_511591,1
6_21_511607,1
6_21_511609,2
6_21_511610,4
6_21_511613,1
6_21_511618,1
6_21_511629,1
6_21_511635,1
6_21_511640,2
6_21_511647,2
6_21_511651,2
6_21_511662,2
6_21_511669,3
6_21_511671,2
6_21_511674,3
6_21_511676,4
6_21_511677,3
6_21_511681,1
6_21_511689,1
6_21_511691,1
6_21_511693,3
6_21_511696,2
6_21_511703,2
6_21_511720,3
6_21_511727,2
6_21_511729,2
6_21_511738,2
6_21_511740,1
6_21_511748,3
6_21_511749,2
6_21_511754,2
6_21_511757,2
6_21_511761,2
6_21_511763,2
6_21_511766,2
6_21_511769,1
6_21_511795,1
6_21_511806,1
6_21_511813,1
6_21_511817,3
6_21_511833,2
6_21_511838,1
6_21_511840,3
6_21_511845,3
6_21_511864,2
6_21_511867,4
6_21_511894,2
6_21_511896,3
6_21_511897,4
6_21_511907,2
6_21_511908,3
6_21_511963,3
6_21_512006,3
6_21_600238,5
6_21_600241,5
6_21_600324,5
6_21_600325,5
6_21_600407,4
6_21_600557,4
6_21_600674,1
6_21_620997,1
6_21_621099,1
6_21_700554,5
6_21_700565,4
6_21_700588,5
6_21_700824,4
6_21_700933,4
6_21_700967,4
6_21_701301,4
6_21_701588,5
6_21_701748,5
6_21_701943,4
6_21_710276,3
6_21_710335,4
6_21_710340,5
6_21_710344,5
6_21_731170,4
6_21_731390,4
6_21_731446,4
6_21_731484,4
6_21_731664,5
6_21_740826,3
6_21_740948,4
6_21_740974,4
6_21_850537,4
6_22_1260841,3
6_22_1280812,3
6_22_1362408,5
6_22_1370359,4
6_22_1370364,3
6_22_1370446,3
6_22_1370613,2
6_22_1370626,2
6_22_1370630,1
6_22_1370652,1
6_22_1370680,1
6_22_1370695,1
6_22_1370745,2
6_22_1370750,2
6_22_1370753,3
6_22_1370759,3
6_22_1370762,2
6_22_1370777,3
6_22_1370783,1
6_22_1370792,2
6_22_1370793,2
6_22_1370810,1
6_22_1370857,2
6_22_1370858,2
6_22_1370885,2
6_22_1370902,2
6_22_1370903,3
6_22_1370909,1
6_22_1370939,2
6_22_1370943,1
6_22_1370956,3
6_22_1370997,3
6_22_1371030,2
6_22_1371034,4
6_22_1371041,2
6_22_1371075,2
6_22_1371082,2
6_22_1371084,2
6_22_1371102,4
6_22_1371192,2
6_22_1371601,1
6_22_1391455,3
6_22_1391498,2
6_22_1391501,3
6_22_1391503,2
6_22_1391505,1
6_22_1391511,1
6_22_1391523,1
6_22_1391529,3
6_22_1391546,2
6_22_1391555,2
6_22_1391584,1
6_22_1391603,2
6_22_1391609,1
6_22_1391626,1
6_22_1391631,1
6_22_1391633,1
6_22_1391642,2
6_22_1391645,1
6_22_1391669,2
6_22_1391701,3
6_22_1391738,4
6_22_1391739,2
6_22_1391742,2
6_22_1391745,2
6_22_1391748,2
6_22_1391764,2
6_22_1391775,3
6_22_1391776,3
6_22_1391784,1
6_22_1391794,3
6_22_1391805,2
6_22_1391827,3
6_22_1391834,3
6_22_1391852,3
6_22_1391870,3
6_22_1391874,2
6_22_1391888,2
6_22_1391894,3
6_22_1391902,2
6_22_1391913,3
6_22_1391939,3
6_22_1391973,1
6_22_1391981,3
6_22_1391996,2
6_22_1391997,4
6_22_1392000,1
6_22_1392005,1
6_22_1392025,4
6_22_1392042,3
6_22_1392073,1
6_22_1471648,4
6_22_1471747,5
6_22_1471905,4
6_22_1471942,5
6_22_1472004,4
6_22_1472026,2
6_22_1480126,4
6_22_1480162,5
6_22_1480225,4
6_22_1480247,4
6_22_1480449,5
6_22_1480453,5
6_22_1580255,4
6_22_1580276,5
6_22_1581344,4
6_22_1581356,4
6_22_1581369,4
6_22_1581566,4
6_22_1581704,5
6_22_1581717,5
6_22_1581737,5
6_22_1611191,5
6_22_1611379,4
6_22_1611451,4
6_22_1611465,4
6_22_1611632,4
6_22_1620640,5
6_22_1620689,4
6_22_1620856,4
6_22_1620894,4
6_23_2140366,4
6_23_2140424,3
6_23_2140500,2
6_23_2140511,1
6_23_2140585,1
6_23_2140586,3
6_23_2140591,1
6_23_2140638,2
6_23_2140645,2
6_23_2140650,3
6_23_2140664,4
6_23_2140683,1
6_23_2140720,3
6_23_2140766,3
6_23_2140807,2
6_23_2140820,2
6_23_2140829,2
6_23_2140835,2
6_23_2140850,3
6_23_2140856,2
6_23_2140869,1
6_23_2140870,2
6_23_2140885,3
6_23_2140900,2
6_23_2140901,1
6_23_2140906,2
6_23_2140934,1
6_23_2140946,2
6_23_2140961,3
6_23_2140968,3
6_23_2140972,1
6_23_2140973,1
6_23_2140988,2
6_23_2141001,1
6_23_2141014,2
6_23_2141023,2
6_23_2141025,1
6_23_2141028,1
6_23_2141058,2
6_23_2141079,2
6_23_2141100,2
6_23_2141130,1
6_23_2141224,3
6_23_2141343,2
6_23_2160888,5
6_23_2160915,2
6_23_2160940,2
6_23_2160942,2
6_23_2160944,2
6_23_2160972,1
6_23_2160997,1
6_23_2161014,4
6_23_2161015,2
6_23_2161024,3
6_23_2161042,2
6_23_2161051,4
6_23_2161056,2
6_23_2161069,2
6_23_2161077,1
6_23_2161079,2
6_23_2161084,2
6_23_2161087,2
6_23_2161100,2
6_23_2161102,1
6_23_2161114,2
6_23_2161120,3
6_23_2161139,3
6_23_2161140,2
6_23_2161150,1
6_23_2161156,2
6_23_2161159,1
6_23_2161160,1
6_23_2161174,4
6_23_2161183,2
6_23_2161185,3
6_23_2161191,1
6_23_2161195,2
6_23_2161206,3
6_23_2161208,1
6_23_2161213,3
6_23_2161224,2
6_23_2161229,1
6_23_2161232,1
6_23_2161235,1
6_23_2161238,3
6_23_2161240,3
6_23_2161253,2
6_23_2161255,1
6_23_2161256,1
6_23_2161258,2
6_23_2161270,1
6_23_2161272,2
6_23_2161284,1
6_23_2161305,1
6_23_2161315,3
6_23_2161333,2
6_23_2161338,1
6_23_2161355,3
6_23_2161390,3
6_23_2161447,2
6_23_2161467,2
6_23_2161623,1
6_23_2240435,4
6_23_2241924,3
6_23_2250311,2
6_23_2250326,3
6_23_2250343,3
6_23_2250369,2
6_23_2250382,1
6_23_2250391,1
6_23_2250432,3
6_23_2250437,2
6_23_2250475,1
6_23_2250521,1
6_23_2250532,3
6_23_2250561,3
6_23_2250577,3
6_23_2250605,2
6_23_2250607,3
6_23_2270998,3
6_23_2271008,2
6_23_2271020,3
6_23_2271034,4
6_23_2271074,2
6_23_2271086,2
6_23_2271097,4
6_23_2271146,1
6_23_2271148,3
6_23_2271155,1
6_23_2271167,2
6_23_2271206,3
6_23_2271225,1
6_23_2271231,2
6_23_2271238,5
6_23_2271256,2
6_23_2271266,2
6_23_2271275,3
6_23_2271290,2
6_23_2271333,3
6_23_2271348,2
6_23_2271355,2
6_23_2271429,4
6_23_2350837,4
6_23_2351207,4
6_23_2351592,5
6_23_2351616,5
6_23_2351619,4
6_23_2351630,4
6_23_2351745,4
6_23_2351773,4
6_23_2351834,4
6_23_2351950,4
6_23_2351966,5
6_23_2352015,4
6_23_2360128,4
6_23_2380770,5
6_23_2380983,4
6_23_2381005,4
6_23_2381022,4
6_23_2381048,4
6_23_2381078,5
6_23_2381095,5
6_23_2381109,5
6_23_2381120,4
6_23_2381132,4
6_23_2381139,4
6_23_2381249,1
6_23_2491299,5
6_23_2491483,4
6_23_2491525,4
6_23_2500399,4
6_23_2500462,4
6_23_2500482,4
6_24_2930226,3
6_24_2930246,1
6_24_2930294,1
6_24_2930309,3
6_24_2930319,3
6_24_2930333,1
6_24_2930345,3
6_24_2930348,2
6_24_2930370,4
6_24_2930375,4
6_24_2930376,1
6_24_2930389,3
6_24_2930390,1
6_24_2930396,5
6_24_2930406,2
6_24_2930458,2
6_24_2930468,2
6_24_2930473,2
6_24_2930474,2
6_24_2930483,2
6_24_2930485,1
6_24_2930494,1
6_24_2930503,2
6_24_2930511,2
6_24_2930519,1
6_24_2930537,3
6_24_2930540,2
6_24_2930554,3
6_24_2930558,3
6_24_2930579,2
6_24_2930587,2
6_24_2930603,3
6_24_2930608,1
6_24_2930613,1
6_24_2930618,3
6_24_2930627,3
6_24_2930639,2
6_24_2930646,2
6_24_2930649,3
6_24_2930651,2
6_24_2930661,3
6_24_2930663,1
6_24_2930665,4
6_24_2930690,3
6_24_2930728,3
6_24_2930744,3
6_24_2930747,2
6_24_2930782,3
6_24_2930792,3
6_24_3010516,5
6_24_3011853,3
6_24_3011858,3
6_24_3011904,2
6_24_3011955,2
6_24_3011989,2
6_24_3012003,2
6_24_3012007,3
6_24_3012047,3
6_24_3012049,2
6_24_3012097,2
6_24_3012107,2
6_24_3020119,2
6_24_3020165,2
6_24_3020180,2
6_24_3020240,1
6_24_3020314,3
6_24_3020320,2
6_24_3020326,2
6_24_3020337,4
6_24_3020355,3
6_24_3020373,4
6_24_3020382,2
6_24_3020390,2
6_24_3020425,2
6_24_3020446,3
6_24_3020486,1
6_24_3020524,2
6_24_3020533,1
6_24_3020630,3
6_24_3040649,3
6_24_3040710,2
6_24_3040800,2
6_24_3040857,2
6_24_3040895,2
6_24_3040897,2
6_24_3040929,3
6_24_3040944,2
6_24_3040985,2
6_24_3040995,3
6_24_3041025,3
6_24_3121665,4
6_24_3121777,5
6_24_3130153,5
6_24_3130238,3
6_24_3130368,4
6_24_3130448,2
6_24_3150988,1
6_24_3151163,5
6_24_3151232,4
6_24_3151253,4
6_24_3151314,4
6_24_3151390,4
6_24_3151434,4
6_24_3151439,4
6_24_3151560,5
6_24_3160553,4
6_24_3160711,4
6_24_3160733,5
6_24_3161093,4
6_24_3161128,4
6_24_3161418,4
6_24_3231587,4
6_24_3231700,4
6_24_3240075,4
6_24_3240224,5
6_24_3270908,4
7_25_371350,4
7_25_371355,2
7_25_380110,4
7_25_380190,1
7_25_380191,4
7_25_380201,4
7_25_380202,2
7_25_380228,3
7_25_400550,4
7_25_400585,4
7_25_400586,2
7_25_400595,3
7_25_400614,1
7_25_400660,2
7_25_400674,1
7_25_400681,1
7_25_400690,1
7_25_400706,1
7_25_400715,5
7_25_400720,1
7_25_400731,5
7_25_400732,4
7_25_400760,3
7_25_400767,3
7_25_400768,3
7_25_400805,2
7_25_400824,3
7_25_400836,2
7_25_400837,3
7_25_400854,1
7_25_400874,3
7_25_400878,3
7_25_400886,2
7_25_400899,2
7_25_400929,2
7_25_400962,1
7_25_400967,3
7_25_401002,2
7_25_401010,4
7_25_401017,2
7_25_401039,2
7_25_401150,3
7_25_401642,5
7_25_480282,4
7_25_482042,4
7_25_482047,2
7_25_482053,3
7_25_482075,3
7_25_482080,4
7_25_482091,3
7_25_482095,1
7_25_482100,1
7_25_482117,1
7_25_482121,2
7_25_482128,4
7_25_482144,2
7_25_482148,2
7_25_482156,2
7_25_482175,1
7_25_482184,2
7_25_482186,4
7_25_482201,4
7_25_482206,2
7_25_482210,2
7_25_482223,4
7_25_482243,1
7_25_482251,2
7_25_482265,1
7_25_482286,2
7_25_490092,1
7_25_490161,4
7_25_490253,4
7_25_490258,2
7_25_490270,5
7_25_490290,3
7_25_490291,5
7_25_490307,2
7_25_490317,2
7_25_490327,2
7_25_490340,2
7_25_490361,1
7_25_490367,2
7_25_490377,1
7_25_490387,2
7_25_490430,3
7_25_490461,2
7_25_490685,1
7_25_511104,5
7_25_511116,4
7_25_511171,2
7_25_511284,5
7_25_511290,4
7_25_511291,4
7_25_511325,5
7_25_511327,4
7_25_511334,5
7_25_511355,4
7_25_511356,4
7_25_511381,5
7_25_600438,4
7_25_600444,5
7_25_600600,1
7_25_621216,4
7_25_621244,5
7_25_621628,4
7_25_630462,4
7_25_630651,4
7_25_630812,4
7_25_630829,2
7_25_630848,4
7_25_630860,4
7_25_630952,5
7_25_631107,4
7_25_631292,4
7_25_631339,4
7_25_631361,4
7_25_631380,4
7_25_631388,4
7_26_1150600,2
7_26_1150602,1
7_26_1150607,4
7_26_1150616,2
7_26_1150623,2
7_26_1150650,1
7_26_1150654,1
7_26_1150672,2
7_26_1150680,3
7_26_1150695,5
7_26_1150716,3
7_26_1150728,2
7_26_1150743,2
7_26_1150765,1
7_26_1150766,3
7_26_1150767,1
7_26_1150781,3
7_26_1150789,1
7_26_1150796,1
7_26_1150805,1
7_26_1150806,3
7_26_1150812,2
7_26_1150814,2
7_26_1150826,1
7_26_1150828,2
7_26_1150831,2
7_26_1150838,2
7_26_1150839,3
7_26_1150840,4
7_26_1150845,4
7_26_1150878,2
7_26_1150886,4
7_26_1150897,2
7_26_1150906,1
7_26_1150917,3
7_26_1150920,2
7_26_1150924,4
7_26_1150926,1
7_26_1150938,4
7_26_1150957,5
7_26_1170994,3
7_26_1171010,1
7_26_1171022,2
7_26_1171032,1
7_26_1171050,1
7_26_1171061,1
7_26_1171071,1
7_26_1171075,2
7_26_1171119,3
7_26_1171131,2
7_26_1171138,1
7_26_1171140,2
7_26_1171145,3
7_26_1171156,3
7_26_1171165,2
7_26_1171167,2
7_26_1171168,3
7_26_1171202,3
7_26_1171212,3
7_26_1171214,4
7_26_1171218,4
7_26_1171219,3
7_26_1171220,2
7_26_1171222,5
7_26_1171223,1
7_26_1171231,2
7_26_1171242,3
7_26_1171247,2
7_26_1171250,1
7_26_1171254,3
7_26_1171262,2
7_26_1171264,1
7_26_1171283,3
7_26_1171285,3
7_26_1171300,1
7_26_1171304,2
7_26_1171318,2
7_26_1171320,1
7_26_1171326,2
7_26_1171335,3
7_26_1171342,3
7_26_1171362,1
7_26_1171377,1
7_26_1171400,4
7_26_1171429,4
7_26_1171471,2
7_26_1171489,2
7_26_1171517,1
7_26_1171529,2
7_26_1180369,5
7_26_1260307,2
7_26_1260373,3
7_26_1260435,2
7_26_1260444,4
7_26_1260463,3
7_26_1260476,1
7_26_1260604,3
7_26_1260628,3
7_26_1260640,4
7_26_1260670,1
7_26_1260677,2
7_26_1260681,2
7_26_1260688,2
7_26_1260697,1
7_26_1260732,3
7_26_1260764,2
7_26_1280999,1
7_26_1281066,1
7_26_1281120,1
7_26_1281140,1
7_26_1281219,2
7_26_1281222,2
7_26_1281229,4
7_26_1281271,2
7_26_1281286,1
7_26_1281299,1
7_26_1360812,5
7_26_1361094,4
7_26_1361150,4
7_26_1361171,4
7_26_1361790,5
7_26_1361880,5
7_26_1361884,4
7_26_1361979,4
7_26_1370135,4
7_26_1370222,5
7_26_1370226,4
7_26_1370314,4
7_26_1391175,5
7_26_1391296,2
7_26_1391311,4
7_26_1391342,3
7_26_1391388,5
7_26_1391419,5
7_26_1391432,5
7_26_1391483,4
7_26_1391486,5
7_26_1391562,5
7_26_1391636,4
7_26_1400185,4
7_26_1400480,4
7_26_1400646,4
7_26_1400686,4
7_26_1400768,4
7_26_1400825,5
7_26_1400874,5
7_26_1400911,4
7_26_1401044,4
7_26_1401098,4
7_26_1401111,5
7_27_1920445,1
7_27_1920455,1
7_27_1920484,1
7_27_1920486,3
7_27_1920510,2
7_27_1920514,4
7_27_1920523,3
7_27_1920531,3
7_27_1920565,2
7_27_1920574,2
7_27_1920592,3
7_27_1920594,1
7_27_1920597,1
7_27_1920599,2
7_27_1920605,2
7_27_1920621,2
7_27_1920625,3
7_27_1920657,3
7_27_1920659,2
7_27_1920662,3
7_27_1920663,2
7_27_1920689,2
7_27_1920694,4
7_27_1920696,2
7_27_1920717,3
7_27_1920738,1
7_27_1920739,3
7_27_1920743,1
7_27_1920744,3
7_27_1920748,2
7_27_1920753,1
7_27_1920756,2
7_27_1920767,2
7_27_1920768,3
7_27_1920778,1
7_27_1920786,2
7_27_1920812,4
7_27_1920820,3
7_27_1920829,3
7_27_1920835,2
7_27_1920841,3
7_27_1920844,1
7_27_1920847,3
7_27_1920850,2
7_27_1920851,1
7_27_1920854,2
7_27_1920862,3
7_27_1920867,1
7_27_1920876,4
7_27_1920888,2
7_27_1920897,2
7_27_1920904,2
7_27_1920905,3
7_27_1920908,2
7_27_1920924,3
7_27_1920928,3
7_27_1920933,3
7_27_1920941,1
7_27_1920946,1
7_27_1920955,1
7_27_1920966,1
7_27_1920974,3
7_27_1920990,1
7_27_1920992,1
7_27_1920997,4
7_27_1920998,1
7_27_1921001,1
7_27_1921004,2
7_27_1921009,1
7_27_1921015,3
7_27_1921016,1
7_27_1921022,2
7_27_1921023,3
7_27_1921029,2
7_27_1921039,1
7_27_1921043,2
7_27_1921049,2
7_27_1921051,2
7_27_1921053,4
7_27_1921064,3
7_27_1921077,3
7_27_1921080,2
7_27_1921086,4
7_27_1921100,4
7_27_1921103,3
7_27_1921121,1
7_27_1921125,3
7_27_1921138,4
7_27_1921140,4
7_27_1921151,2
7_27_1921199,3
7_27_1921220,3
7_27_1921227,3
7_27_1921274,3
7_27_1921297,3
7_27_1941130,2
7_27_1941182,2
7_27_1941207,1
7_27_1941224,2
7_27_1941229,3
7_27_1941237,1
7_27_1941247,1
7_27_1941251,2
7_27_1941258,3
7_27_1941267,3
7_27_1941271,3
7_27_1941272,2
7_27_1941274,1
7_27_1941279,5
7_27_1941288,1
7_27_1941297,3
7_27_1941306,1
7_27_1941314,4
7_27_1941320,2
7_27_1941340,1
7_27_1941341,2
7_27_1941347,3
7_27_1941352,2
7_27_1941354,2
7_27_1941355,4
7_27_1941357,2
7_27_1941359,4
7_27_1941369,1
7_27_1941379,3
7_27_1941382,1
7_27_1941385,1
7_27_1941387,3
7_27_1941392,1
7_27_1941394,3
7_27_1941396,1
7_27_1941397,3
7_27_1941405,1
7_27_1941408,3
7_27_1941410,4
7_27_1941414,4
7_27_1941417,2
7_27_1941421,3
7_27_1941427,2
7_27_1941431,3
7_27_1941435,3
7_27_1941442,1
7_27_1941443,3
7_27_1941453,2
7_27_1941454,2
7_27_1941458,1
7_27_1941467,3
7_27_1941468,4
7_27_1941469,3
7_27_1941470,1
7_27_1941479,3
7_27_1941483,3
7_27_1941485,4
7_27_1941491,3
7_27_1941496,2
7_27_1941498,1
7_27_1941500,3
7_27_1941503,1
7_27_1941507,1
7_27_1941510,3
7_27_1941517,1
7_27_1941520,1
7_27_1941523,3
7_27_1941525,3
7_27_1941534,4
7_27_1941540,3
7_27_1941541,2
7_27_1941546,1
7_27_1941548,2
7_27_1941559,3
7_27_1941561,3
7_27_1941564,2
7_27_1941570,3
7_27_1941571,2
7_27_1941572,4
7_27_1941575,2
7_27_1941576,3
7_27_1941588,3
7_27_1941589,4
7_27_1941592,2
7_27_1941594,1
7_27_1941609,3
7_27_1941613,3
7_27_1941622,3
7_27_1941626,3
7_27_1941627,1
7_27_1941630,3
7_27_1941643,3
7_27_1941647,3
7_27_1941648,4
7_27_1941649,2
7_27_1941652,1
7_27_1941653,2
7_27_1941665,3
7_27_1941668,3
7_27_1941677,2
7_27_1941693,2
7_27_1941694,5
7_27_1941708,2
7_27_1941715,2
7_27_1941721,3
7_27_1941800,2
7_27_1941854,4
7_27_2021726,3
7_27_2021745,4
7_27_2021796,5
7_27_2030390,3
7_27_2030506,4
7_27_2030510,5
7_27_2030552,2
7_27_2030627,5
7_27_2050935,1
7_27_2051008,3
7_27_2051045,1
7_27_2051166,2
7_27_2051178,1
7_27_2051190,1
7_27_2051191,1
7_27_2051194,2
7_27_2051231,1
7_27_2051261,1
7_27_2051280,1
7_27_2051291,1
7_27_2051302,1
7_27_2051462,2
7_27_2130740,4
7_27_2130758,4
7_27_2130765,4
7_27_2131239,4
7_27_2131423,4
7_27_2131445,4
7_27_2131447,4
7_27_2131499,4
7_27_2131586,5
7_27_2131636,4
7_27_2131659,4
7_27_2131675,4
7_27_2131689,4
7_27_2131712,5
7_27_2131714,4
7_27_2131747,4
7_27_2131879,5
7_27_2131904,5
7_27_2131941,4
7_27_2140230,5
7_27_2160750,5
7_27_2160786,1
7_27_2160805,1
7_27_2160890,5
7_27_2160901,5
7_27_2160908,4
7_27_2160950,4
7_27_2160960,5
7_27_2160989,4
7_27_2161041,4
7_27_2161086,5
7_27_2161096,5
7_27_2250963,4
7_27_2270864,4
7_27_2271386,4
7_27_2271508,4
7_27_2280303,4
7_27_2280328,4
7_27_2280344,5
7_27_2280358,4
7_28_2690698,2
7_28_2690703,3
7_28_2710857,4
7_28_2710932,3
7_28_2710938,3
7_28_2710975,3
7_28_2710983,3
7_28_2711015,1
7_28_2711027,1
7_28_2800328,3
7_28_2800368,2
7_28_2800379,4
7_28_2800386,3
7_28_2800404,2
7_28_2800446,2
7_28_2800457,1
7_28_2800475,1
7_28_2800508,2
7_28_2800520,1
7_28_2800545,3
7_28_2800567,3
7_28_2800572,1
7_28_2800581,2
7_28_2800609,3
7_28_2800633,1
7_28_2800637,2
7_28_2800643,1
7_28_2800670,1
7_28_2800672,4
7_28_2800676,1
7_28_2800692,1
7_28_2800694,3
7_28_2800720,3
7_28_2800721,2
7_28_2800736,3
7_28_2800775,2
7_28_2800790,1
7_28_2800798,1
7_28_2800800,1
7_28_2800801,3
7_28_2800805,3
7_28_2800809,2
7_28_2800812,3
7_28_2800814,4
7_28_2800816,1
7_28_2800822,2
7_28_2800826,1
7_28_2800841,3
7_28_2800863,3
7_28_2800870,3
7_28_2800874,2
7_28_2800877,3
7_28_2800881,2
7_28_2800886,2
7_28_2800898,2
7_28_2800899,4
7_28_2800907,5
7_28_2800914,3
7_28_2800929,3
7_28_2800943,2
7_28_2800953,2
7_28_2800954,3
7_28_2800989,2
7_28_2801004,3
7_28_2801024,3
7_28_2821211,4
7_28_2821225,2
7_28_2821258,1
7_28_2821291,1
7_28_2821293,2
7_28_2821311,2
7_28_2821312,2
7_28_2821325,2
7_28_2821331,1
7_28_2821359,2
7_28_2821373,1
7_28_2821374,2
7_28_2821376,2
7_28_2821393,3
7_28_2821400,3
7_28_2821403,1
7_28_2821405,3
7_28_2821409,3
7_28_2821411,2
7_28_2821421,3
7_28_2821422,3
7_28_2821429,3
7_28_2821434,2
7_28_2821437,2
7_28_2821438,1
7_28_2821440,3
7_28_2821449,3
7_28_2821450,2
7_28_2821451,2
7_28_2821459,1
7_28_2821462,3
7_28_2821464,3
7_28_2821472,3
7_28_2821478,2
7_28_2821497,1
7_28_2821508,1
7_28_2821513,3
7_28_2821517,1
7_28_2821521,3
7_28_2821526,4
7_28_2821528,2
7_28_2821536,2
7_28_2821550,1
7_28_2821555,3
7_28_2821556,2
7_28_2821558,2
7_28_2821559,4
7_28_2821604,2
7_28_2821610,3
7_28_2821624,3
7_28_2821635,3
7_28_2821639,4
7_28_2821645,2
7_28_2821658,2
7_28_2821672,2
7_28_2821674,3
7_28_2821679,2
7_28_2821696,2
7_28_2821704,3
7_28_2821712,2
7_28_2821726,2
7_28_2821728,3
7_28_2821756,1
7_28_2821757,4
7_28_2821770,3
7_28_2821824,4
7_28_2821948,3
7_28_2901362,5
7_28_2901600,4
7_28_2901758,4
7_28_2910193,4
7_28_2910276,2
7_28_2910314,3
7_28_2910326,4
7_28_2910359,4
7_28_2910366,2
7_28_2910376,4
7_28_2910384,4
7_28_2910412,5
7_28_2910678,3
7_28_2910760,3
7_28_2921499,5
7_28_2931010,5
7_28_2931039,5
7_28_2931077,4
7_28_3010485,5
7_28_3010950,4
7_28_3011007,4
7_28_3011028,5
7_28_3011038,4
7_28_3011511,4
7_28_3011525,4
7_28_3011536,4
7_28_3011597,5
7_28_3011642,5
7_28_3011673,5
7_28_3020127,5
7_28_3020259,5
7_28_3020394,4
7_28_3020408,4
7_28_3041009,4
7_28_3041041,4
7_28_3050327,4
7_28_3050647,4
7_28_3050748,4
7_28_3050759,4
7_28_3050760,5
8_29_380315,2
8_29_380361,2
8_29_380366,2
8_29_380367,1
8_29_380369,2
8_29_380430,3
8_29_380443,2
8_29_380490,2
8_29_380496,2
8_29_380526,2
8_29_380537,2
8_29_380542,4
8_29_380546,1
8_29_380578,2
8_29_380579,1
8_29_380581,2
8_29_380588,2
8_29_380592,2
8_29_380661,2
8_29_380681,2
8_29_380682,2
8_29_380687,3
8_29_380695,5
8_29_380697,2
8_29_380700,2
8_29_380702,2
8_29_380711,2
8_29_380715,2
8_29_380718,2
8_29_380729,2
8_29_380733,2
8_29_380736,3
8_29_380746,2
8_29_380747,2
8_29_380757,2
8_29_380759,3
8_29_380760,1
8_29_380765,1
8_29_380795,2
8_29_380816,3
8_29_380820,2
8_29_380828,2
8_29_380883,2
8_29_380917,2
8_29_400930,4
8_29_401179,2
8_29_401225,3
8_29_401233,1
8_29_401254,4
8_29_401257,2
8_29_401263,4
8_29_401264,3
8_29_401269,2
8_29_401271,3
8_29_401278,3
8_29_401283,2
8_29_401288,3
8_29_401293,3
8_29_401300,3
8_29_401301,2
8_29_401310,3
8_29_401326,3
8_29_401330,3
8_29_401334,2
8_29_401336,2
8_29_401348,2
8_29_401352,2
8_29_401354,2
8_29_401356,2
8_29_401363,3
8_29_401366,2
8_29_401369,2
8_29_401370,1
8_29_401376,2
8_29_401388,2
8_29_401391,2
8_29_401395,2
8_29_401402,3
8_29_401413,2
8_29_401419,2
8_29_401448,2
8_29_401456,3
8_29_401461,2
8_29_401475,3
8_29_401480,3
8_29_401499,2
8_29_401523,2
8_29_401530,3
8_29_401537,4
8_29_401553,3
8_29_401560,3
8_29_401582,2
8_29_401597,3
8_29_481765,4
8_29_481917,2
8_29_490111,2
8_29_490301,2
8_29_490326,1
8_29_490344,1
8_29_490380,4
8_29_490512,2
8_29_490607,4
8_29_490638,2
8_29_490644,2
8_29_490657,2
8_29_490668,2
8_29_490678,2
8_29_490680,1
8_29_490799,1
8_29_490826,2
8_29_511321,2
8_29_511326,1
8_29_511330,2
8_29_511335,2
8_29_511370,1
8_29_511375,2
8_29_511382,2
8_29_511426,2
8_29_511428,2
8_29_511429,3
8_29_511448,2
8_29_511484,3
8_29_511506,2
8_29_511534,3
8_29_511610,3
8_29_511660,2
8_29_590498,4
8_29_590582,4
8_29_591168,4
8_29_591231,4
8_29_591250,4
8_29_591329,4
8_29_591530,4
8_29_591534,4
8_29_591559,4
8_29_591609,4
8_29_591617,4
8_29_591654,4
8_29_591655,4
8_29_591658,5
8_29_591674,5
8_29_591680,5
8_29_591681,4
8_29_591696,4
8_29_591717,4
8_29_591737,4
8_29_591818,4
8_29_600092,1
8_29_600254,1
8_29_600261,1
8_29_600331,4
8_29_620873,4
8_29_620991,4
8_29_690145,4
8_29_700040,2
8_29_700065,4
8_29_700117,4
8_29_700196,4
8_29_731445,4
8_29_740261,4
8_29_740431,4
8_29_740442,4
8_29_740447,4
8_29_740449,4
8_29_740454,5
8_29_740463,4
8_29_740507,4
8_30_1150455,2
8_30_1150547,1
8_30_1170697,4
8_30_1170754,3
8_30_1170799,2
8_30_1170816,3
8_30_1170824,3
8_30_1170828,1
8_30_1170849,3
8_30_1170855,2
8_30_1170872,3
8_30_1170873,4
8_30_1170894,3
8_30_1170899,3
8_30_1170930,5
8_30_1170936,3
8_30_1170955,3
8_30_1170969,3
8_30_1170971,3
8_30_1170973,2
8_30_1170983,3
8_30_1170999,2
8_30_1171002,4
8_30_1171009,3
8_30_1171011,3
8_30_1171024,3
8_30_1171036,3
8_30_1171068,2
8_30_1251717,2
8_30_1251840,2
8_30_1251915,3
8_30_1251949,2
8_30_1251953,2
8_30_1252033,2
8_30_1252081,2
8_30_1252092,1
8_30_1252107,3
8_30_1252120,2
8_30_1252136,2
8_30_1252137,1
8_30_1252140,2
8_30_1252149,2
8_30_1252159,2
8_30_1260180,2
8_30_1260182,2
8_30_1260258,2
8_30_1260305,2
8_30_1260348,2
8_30_1260351,2
8_30_1260369,1
8_30_1260384,1
8_30_1260397,2
8_30_1260407,2
8_30_1260414,2
8_30_1260418,3
8_30_1260419,4
8_30_1260420,2
8_30_1260421,2
8_30_1260438,1
8_30_1260439,1
8_30_1260447,2
8_30_1260462,2
8_30_1260464,3
8_30_1260473,2
8_30_1260490,2
8_30_1260492,3
8_30_1260497,2
8_30_1260504,2
8_30_1260519,1
8_30_1260524,2
8_30_1260536,1
8_30_1260538,1
8_30_1260547,2
8_30_1260552,3
8_30_1260557,1
8_30_1260588,2
8_30_1260591,3
8_30_1260595,2
8_30_1260602,2
8_30_1260607,2
8_30_1260612,3
8_30_1260615,2
8_30_1260625,1
8_30_1260647,2
8_30_1260653,4
8_30_1260667,2
8_30_1260685,1
8_30_1260695,1
8_30_1260696,4
8_30_1260723,1
8_30_1260766,1
8_30_1261114,4
8_30_1280765,1
8_30_1280938,2
8_30_1280954,1
8_30_1281013,2
8_30_1281032,2
8_30_1281033,3
8_30_1281068,3
8_30_1281078,1
8_30_1281084,3
8_30_1281087,1
8_30_1281106,1
8_30_1281107,1
8_30_1281124,2
8_30_1281125,1
8_30_1281126,2
8_30_1281128,2
8_30_1281143,2
8_30_1281153,4
8_30_1281164,2
8_30_1281169,3
8_30_1281170,2
8_30_1281174,2
8_30_1281214,3
8_30_1281219,1
8_30_1281220,3
8_30_1281222,3
8_30_1281240,2
8_30_1281242,2
8_30_1281246,2
8_30_1281253,2
8_30_1281257,3
8_30_1281264,2
8_30_1281265,2
8_30_1281266,4
8_30_1281269,2
8_30_1281276,1
8_30_1281277,3
8_30_1281278,3
8_30_1281285,3
8_30_1281289,1
8_30_1281292,3
8_30_1281303,3
8_30_1281319,2
8_30_1281328,2
8_30_1281350,3
8_30_1361581,2
8_30_1361601,4
8_30_1361631,5
8_30_1361642,2
8_30_1361656,2
8_30_1370197,4
8_30_1370244,4
8_30_1370288,4
8_30_1370309,2
8_30_1370344,4
8_30_1370354,2
8_30_1370355,4
8_30_1370364,2
8_30_1470449,4
8_30_1470506,4
8_30_1470586,4
8_30_1470612,4
8_30_1470663,4
8_30_1471596,4
8_30_1471600,4
8_30_1480245,4
8_30_1510612,4
8_30_1510636,4
8_30_1510731,1
8_30_1510736,1
8_31_1991049,1
8_31_2090884,1
8_31_2090902,5
8_31_2090907,2
8_31_2090936,4
8_31_2090946,3
8_31_2090951,3
8_31_2090975,2
8_31_2091013,1
8_31_2091015,2
8_31_2091023,3
8_31_2091029,2
8_31_2091039,1
8_31_2091040,3
8_31_2091047,2
8_31_2091050,1
8_31_2091062,1
8_31_2091068,2
8_31_2091078,1
8_31_2091083,2
8_31_2091085,1
8_31_2091102,2
8_31_2091113,3
8_31_2091120,1
8_31_2091124,1
8_31_2091125,2
8_31_2091126,3
8_31_2091132,1
8_31_2091136,1
8_31_2091142,4
8_31_2091149,3
8_31_2091163,3
8_31_2091170,1
8_31_2091171,2
8_31_2091173,5
8_31_2091174,3
8_31_2091175,3
8_31_2091178,2
8_31_2091185,2
8_31_2091195,3
8_31_2091225,2
8_31_2091230,3
8_31_2091231,2
8_31_2091237,1
8_31_2091238,3
8_31_2091248,3
8_31_2091257,3
8_31_2091285,2
8_31_2091286,1
8_31_2091297,2
8_31_2091298,4
8_31_2091300,2
8_31_2091303,2
8_31_2091307,3
8_31_2091311,2
8_31_2091312,2
8_31_2091316,2
8_31_2091324,1
8_31_2091336,3
8_31_2091339,2
8_31_2091345,2
8_31_2091351,2
8_31_2091352,4
8_31_2091359,3
8_31_2091360,3
8_31_2091361,2
8_31_2091369,2
8_31_2091386,2
8_31_2091390,2
8_31_2091403,1
8_31_2091406,2
8_31_2091419,1
8_31_2091430,4
8_31_2091431,2
8_31_2091443,1
8_31_2091456,1
8_31_2091461,1
8_31_2091464,2
8_31_2091477,2
8_31_2091483,4
8_31_2091500,1
8_31_2091501,3
8_31_2091504,2
8_31_2091530,2
8_31_2091550,2
8_31_2091584,2
8_31_2091633,3
8_31_2112090,4
8_31_2112181,2
8_31_2112182,2
8_31_2112186,2
8_31_2112234,3
8_31_2112254,2
8_31_2112266,1
8_31_2112269,3
8_31_2112280,4
8_31_2112282,3
8_31_2112284,2
8_31_2112289,1
8_31_2112292,1
8_31_2112293,2
8_31_2112294,3
8_31_2112295,2
8_31_2112311,1
8_31_2112313,3
8_31_2112318,3
8_31_2112327,1
8_31_2112336,3
8_31_2112338,2
8_31_2112345,1
8_31_2112346,3
8_31_2112354,2
8_31_2112358,2
8_31_2112370,3
8_31_2112374,3
8_31_2112381,1
8_31_2112386,3
8_31_2112387,1
8_31_2112397,3
8_31_2112401,1
8_31_2112415,1
8_31_2112419,4
8_31_2112425,3
8_31_2112428,1
8_31_2112432,2
8_31_2112433,2
8_31_2112440,2
8_31_2112445,1
8_31_2112446,2
8_31_2112460,2
8_31_2112461,3
8_31_2112463,2
8_31_2112465,2
8_31_2112470,1
8_31_2112473,1
8_31_2112484,3
8_31_2112494,3
8_31_2112496,4
8_31_2112509,3
8_31_2112512,3
8_31_2112517,3
8_31_2112528,3
8_31_2112550,3
8_31_2112554,3
8_31_2112583,3
8_31_2181906,2
8_31_2181911,4
8_31_2190212,4
8_31_2190215,4
8_31_2190280,4
8_31_2190343,4
8_31_2190384,4
8_31_2190454,2
8_31_2190786,5
8_31_2190822,5
8_31_2190860,5
8_31_2191269,5
8_31_2191280,5
8_31_2211464,2
8_31_2211683,1
8_31_2280505,4
8_31_2280638,4
8_31_2280714,4
8_31_2280718,4
8_31_2280733,4
8_31_2280774,4
8_31_2280820,4
8_31_2280832,4
8_31_2281038,4
8_31_2290175,4
8_31_2290195,4
8_31_2310879,4
8_31_2310932,2
8_31_2420360,4
8_32_2720723,5
8_32_2720845,5
8_32_2720868,5
8_32_2830306,2
8_32_2830333,2
8_32_2830334,2
8_32_2830342,2
8_32_2830356,1
8_32_2830362,2
8_32_2830397,2
8_32_2830407,2
8_32_2830412,2
8_32_2830413,2
8_32_2830416,1
8_32_2830429,2
8_32_2830438,2
8_32_2830446,3
8_32_2830476,1
8_32_2830481,1
8_32_2830482,2
8_32_2830488,2
8_32_2830497,2
8_32_2830501,2
8_32_2830506,3
8_32_2830516,2
8_32_2830536,2
8_32_2830537,3
8_32_2830539,3
8_32_2830542,2
8_32_2830546,1
8_32_2830548,1
8_32_2830561,1
8_32_2830563,1
8_32_2830567,2
8_32_2830568,3
8_32_2830569,1
8_32_2830577,3
8_32_2830578,2
8_32_2830579,2
8_32_2830587,2
8_32_2830590,2
8_32_2830592,2
8_32_2830605,1
8_32_2830610,1
8_32_2830616,3
8_32_2830617,3
8_32_2830619,2
8_32_2830621,1
8_32_2830622,2
8_32_2830629,2
8_32_2830633,2
8_32_2830638,4
8_32_2830646,1
8_32_2830649,1
8_32_2830650,3
8_32_2830652,2
8_32_2830656,3
8_32_2830665,3
8_32_2830666,1
8_32_2830667,3
8_32_2830673,2
8_32_2830682,2
8_32_2830691,1
8_32_2830694,2
8_32_2830707,3
8_32_2830709,1
8_32_2830711,2
8_32_2830715,2
8_32_2830717,2
8_32_2830743,2
8_32_2830746,2
8_32_2830753,2
8_32_2830761,4
8_32_2830773,1
8_32_2830801,2
8_32_2830802,1
8_32_2830809,3
8_32_2830813,2
8_32_2830816,2
8_32_2851101,3
8_32_2851172,2
8_32_2851239,2
8_32_2851259,4
8_32_2851268,1
8_32_2851274,3
8_32_2851289,2
8_32_2851292,4
8_32_2851306,3
8_32_2851316,2
8_32_2851335,2
8_32_2851340,3
8_32_2851361,4
8_32_2851364,2
8_32_2851370,4
8_32_2851372,2
8_32_2851378,4
8_32_2851381,1
8_32_2851393,4
8_32_2851410,2
8_32_2851415,2
8_32_2851422,2
8_32_2851423,1
8_32_2851436,2
8_32_2851443,2
8_32_2851453,3
8_32_2851457,1
8_32_2851458,2
8_32_2851463,2
8_32_2851472,2
8_32_2851482,2
8_32_2851485,1
8_32_2851488,2
8_32_2851499,3
8_32_2851507,2
8_32_2851526,2
8_32_2851535,2
8_32_2851539,2
8_32_2851549,2
8_32_2851559,3
8_32_2851576,2
8_32_2851579,3
8_32_2851589,4
8_32_2851592,3
8_32_2851611,4
8_32_2851640,2
8_32_2851778,2
8_32_2932007,4
8_32_2940212,2
8_32_2940328,2
8_32_2940349,5
8_32_2940470,1
8_32_2940517,2
8_32_2940627,2
8_32_2940679,4
8_32_2940792,2
8_32_2940818,2
8_32_2940933,4
8_32_2940944,4
8_32_2960783,2
8_32_2960793,2
8_32_2961313,4
8_32_3040703,4
8_32_3040745,4
8_32_3040905,4
8_32_3040986,4
8_32_3050283,4
8_32_3050306,4
8_32_3050448,4
8_32_3070917,5
8_32_3071010,4
8_32_3071016,4
8_32_3071039,4
8_32_3080241,4
8_32_3080256,5
8_32_3080260,4
8_32_3150080,4
8_32_3180845,4
9_33_350956,5
9_33_371580,4
9_33_380332,3
9_33_380341,3
9_33_380367,2
9_33_380372,2
9_33_380396,3
9_33_380403,3
9_33_380414,2
9_33_380438,2
9_33_380454,4
9_33_380461,1
9_33_380464,4
9_33_380467,3
9_33_380485,2
9_33_380494,3
9_33_380503,2
9_33_380504,1
9_33_380507,3
9_33_380510,1
9_33_380515,1
9_33_380518,2
9_33_380527,3
9_33_380569,3
9_33_380576,3
9_33_380582,3
9_33_380584,2
9_33_380586,1
9_33_380593,3
9_33_380599,3
9_33_380605,2
9_33_380608,2
9_33_380609,2
9_33_380611,4
9_33_380619,3
9_33_380621,4
9_33_380623,3
9_33_380642,3
9_33_380645,1
9_33_380646,3
9_33_380657,3
9_33_380663,3
9_33_380665,2
9_33_380667,2
9_33_380668,2
9_33_380679,3
9_33_380685,2
9_33_380691,3
9_33_380693,3
9_33_380694,4
9_33_380697,3
9_33_380704,2
9_33_380706,3
9_33_380707,3
9_33_380724,3
9_33_380727,3
9_33_380740,5
9_33_380763,2
9_33_380773,2
9_33_380774,2
9_33_380784,3
9_33_380793,3
9_33_380831,3
9_33_380843,4
9_33_380847,4
9_33_380851,3
9_33_381099,4
9_33_392045,4
9_33_401088,3
9_33_401096,3
9_33_401097,5
9_33_401106,2
9_33_401123,3
9_33_401128,1
9_33_401142,3
9_33_401146,4
9_33_401151,3
9_33_401163,2
9_33_401170,3
9_33_401184,2
9_33_401188,3
9_33_401197,3
9_33_401201,3
9_33_401214,3
9_33_401220,3
9_33_401233,3
9_33_401239,2
9_33_401241,3
9_33_401243,4
9_33_401249,5
9_33_401267,3
9_33_401272,4
9_33_401276,3
9_33_401279,4
9_33_401292,4
9_33_401293,2
9_33_401295,3
9_33_401312,2
9_33_401315,3
9_33_401330,3
9_33_401338,3
9_33_401345,2
9_33_401377,3
9_33_401379,5
9_33_401966,4
9_33_460931,5
9_33_480948,5
9_33_481126,5
9_33_481909,3
9_33_482077,2
9_33_482088,4
9_33_490339,4
9_33_490393,4
9_33_490644,1
9_33_490673,4
9_33_490721,5
9_33_490896,5
9_33_500902,4
9_33_501365,4
9_33_511763,3
9_33_520705,2
9_33_550476,5
9_33_581060,5
9_33_581086,5
9_33_590786,4
9_33_590894,5
9_33_591028,5
9_33_591030,4
9_33_591250,5
9_33_591320,5
9_33_591322,5
9_33_591338,5
9_33_591374,5
9_33_591494,4
9_33_591581,4
9_33_591678,5
9_33_591718,5
9_33_591724,4
9_33_591735,5
9_33_600308,5
9_33_600312,4
9_33_600324,5
9_33_600336,4
9_33_600484,4
9_33_610449,5
9_33_611095,4
9_33_611588,5
9_33_620660,5
9_33_620968,5
9_33_620980,4
9_33_621108,5
9_33_621113,5
9_33_630399,5
9_33_630460,5
9_33_630706,5
9_33_630744,5
9_33_700113,4
9_33_700218,4
9_33_700298,4
9_33_710865,5
9_33_720592,5
9_33_730702,5
9_33_730981,3
9_33_740469,5
9_33_740471,4
9_33_740508,4
9_33_740515,4
9_34_800172,5
9_34_1150529,3
9_34_1150539,3
9_34_1150552,3
9_34_1150563,3
9_34_1150571,3
9_34_1150601,4
9_34_1150605,5
9_34_1150609,3
9_34_1150637,3
9_34_1150680,3
9_34_1150718,4
9_34_1150727,3
9_34_1150747,3
9_34_1150761,3
9_34_1150781,3
9_34_1150828,5
9_34_1150829,3
9_34_1150845,4
9_34_1150850,3
9_34_1150887,3
9_34_1150896,3
9_34_1150901,4
9_34_1150906,3
9_34_1210319,5
9_34_1210325,5
9_34_1241953,4
9_34_1242337,5
9_34_1250669,5
9_34_1251287,5
9_34_1251359,5
9_34_1251541,5
9_34_1251975,4
9_34_1251992,5
9_34_1260424,5
9_34_1260905,3
9_34_1260908,3
9_34_1260923,3
9_34_1260964,2
9_34_1261043,3
9_34_1261051,3
9_34_1261063,3
9_34_1261067,4
9_34_1261075,3
9_34_1261090,4
9_34_1261100,2
9_34_1261140,2
9_34_1261141,3
9_34_1261143,3
9_34_1261164,1
9_34_1261180,3
9_34_1261219,3
9_34_1261231,3
9_34_1261245,3
9_34_1261269,5
9_34_1261285,3
9_34_1261888,5
9_34_1262469,4
9_34_1271337,5
9_34_1271382,4
9_34_1271619,5
9_34_1272105,5
9_34_1272281,4
9_34_1281813,5
9_34_1281848,5
9_34_1281852,5
9_34_1281858,5
9_34_1281869,5
9_34_1281876,3
9_34_1281895,3
9_34_1281896,3
9_34_1281935,3
9_34_1282035,3
9_34_1351261,5
9_34_1361044,4
9_34_1361098,5
9_34_1361148,5
9_34_1361325,4
9_34_1361354,5
9_34_1361545,4
9_34_1361561,4
9_34_1361570,5
9_34_1361579,4
9_34_1361580,4
9_34_1361585,1
9_34_1370074,4
9_34_1370111,4
9_34_1370112,3
9_34_1370117,1
9_34_1370401,5
9_34_1370437,5
9_34_1370553,5
9_34_1370824,5
9_34_1370923,5
9_34_1370977,5
9_34_1381039,5
9_34_1381256,5
9_34_1391028,5
9_34_1391313,5
9_34_1400660,5
9_34_1400885,5
9_34_1400965,5
9_34_1400980,5
9_34_1401394,5
9_34_1420405,5
9_34_1430297,5
9_34_1430326,5
9_34_1460419,4
9_34_1470297,5
9_34_1470760,5
9_34_1471431,5
9_34_1471543,5
9_34_1471551,4
9_34_1471576,4
9_34_1480480,4
9_34_1480618,5
9_34_1480734,5
9_34_1480758,4
9_34_1480916,5
9_34_1480966,5
9_34_1481083,5
9_34_1481086,5
9_34_1481350,5
9_34_1481539,5
9_34_1481543,5
9_34_1490418,5
9_34_1490601,5
9_34_1490692,5
9_34_1490759,5
9_34_1500462,5
9_34_1500638,5
9_34_1500717,5
9_34_1500765,5
9_34_1500801,4
9_34_1500814,5
9_34_1500911,5
9_34_1500913,5
9_34_1500984,4
9_34_1500987,4
9_34_1500991,4
9_34_1501087,4
9_34_1501128,5
9_34_1501204,4
9_34_1501252,5
9_34_1501263,4
9_34_1501304,5
9_34_1510282,4
9_34_1510311,4
9_34_1510565,5
9_34_1530820,5
9_34_1540185,5
9_34_1540350,5
9_34_1590126,1
9_34_1590656,5
9_34_1590665,5
9_34_1590681,5
9_34_1600317,5
9_34_1600786,5
9_34_1600822,5
9_34_1600834,5
9_34_1620137,4
9_34_1620153,4
9_34_1620163,4
9_34_1620177,4
9_34_1620189,4
9_34_1640095,5
9_35_1720231,4
9_35_1780239,5
9_35_1860213,5
9_35_1880248,5
9_35_2000874,5
9_35_2030586,3
9_35_2030623,3
9_35_2030644,3
9_35_2030709,3
9_35_2030729,2
9_35_2030746,3
9_35_2030762,2
9_35_2030763,2
9_35_2030766,4
9_35_2030771,2
9_35_2030790,2
9_35_2030804,3
9_35_2030814,4
9_35_2030835,3
9_35_2051016,4
9_35_2051034,3
9_35_2051053,3
9_35_2051063,3
9_35_2051075,2
9_35_2051094,5
9_35_2051102,3
9_35_2131214,5
9_35_2140387,5
9_35_2140419,2
9_35_2140437,2
9_35_2140443,2
9_35_2140503,3
9_35_2140510,2
9_35_2140545,1
9_35_2140563,2
9_35_2140587,2
9_35_2140617,2
9_35_2140627,3
9_35_2140648,3
9_35_2140652,2
9_35_2140677,3
9_35_2140696,2
9_35_2140710,3
9_35_2140712,3
9_35_2140755,2
9_35_2140759,3
9_35_2140764,2
9_35_2140770,2
9_35_2140777,3
9_35_2140783,4
9_35_2140815,3
9_35_2140821,1
9_35_2140836,2
9_35_2140844,2
9_35_2140870,2
9_35_2140895,3
9_35_2140934,3
9_35_2140945,3
9_35_2141252,4
9_35_2141610,5
9_35_2160880,5
9_35_2161382,3
9_35_2161401,3
9_35_2161418,2
9_35_2161448,5
9_35_2161465,5
9_35_2161492,2
9_35_2161510,3
9_35_2161546,4
9_35_2161548,3
9_35_2161579,4
9_35_2161652,2
9_35_2161655,4
9_35_2161666,3
9_35_2200298,5
9_35_2200351,5
9_35_2200357,5
9_35_2200368,5
9_35_2200381,5
9_35_2220868,5
9_35_2220913,5
9_35_2241236,5
9_35_2241437,4
9_35_2241636,5
9_35_2241654,5
9_35_2241739,5
9_35_2241753,4
9_35_2250122,5
9_35_2250138,5
9_35_2250377,4
9_35_2250383,4
9_35_2250401,4
9_35_2250449,5
9_35_2250453,4
9_35_2250468,3
9_35_2251027,5
9_35_2260736,5
9_35_2260768,5
9_35_2261354,5
9_35_2261392,5
9_35_2270913,5
9_35_2271113,5
9_35_2271230,5
9_35_2280914,5
9_35_2281068,5
9_35_2281095,5
9_35_2310230,5
9_35_2350343,4
9_35_2350369,5
9_35_2350653,4
9_35_2350679,5
9_35_2350745,5
9_35_2350754,4
9_35_2351002,5
9_35_2351027,5
9_35_2351241,5
9_35_2351297,4
9_35_2351368,4
9_35_2351477,4
9_35_2351479,5
9_35_2351607,5
9_35_2351663,4
9_35_2351714,5
9_35_2360198,4
9_35_2360250,4
9_35_2360283,4
9_35_2360787,5
9_35_2361035,5
9_35_2361122,5
9_35_2361642,5
9_35_2370344,5
9_35_2370362,5
9_35_2370409,5
9_35_2370489,5
9_35_2370505,5
9_35_2370519,5
9_35_2370532,5
9_35_2370536,4
9_35_2370565,4
9_35_2370585,5
9_35_2370624,4
9_35_2370638,4
9_35_2370685,5
9_35_2370705,4
9_35_2370751,5
9_35_2370784,5
9_35_2370804,4
9_35_2370822,4
9_35_2370933,5
9_35_2371022,5
9_35_2371114,5
9_35_2371329,5
9_35_2371437,5
9_35_2371464,5
9_35_2380525,5
9_35_2380651,5
9_35_2380704,4
9_35_2380801,4
9_35_2380810,5
9_35_2381088,5
9_35_2381132,5
9_35_2381303,4
9_35_2381547,5
9_35_2381561,5
9_35_2381599,5
9_35_2390378,4
9_35_2390614,4
9_35_2390680,4
9_35_2390704,2
9_35_2410259,5
9_35_2410271,5
9_35_2410288,5
9_35_2410302,5
9_35_2410329,5
9_35_2410344,5
9_35_2410350,5
9_35_2460218,5
9_35_2480254,4
9_35_2480294,2
9_36_2660313,5
9_36_2910399,2
9_36_2910439,5
9_36_2910491,2
9_36_2910536,3
9_36_2930715,3
9_36_2930759,4
9_36_2930797,1
9_36_2930845,4
9_36_2930860,2
9_36_2930879,3
9_36_2930884,4
9_36_2930902,3
9_36_2930909,3
9_36_2930926,3
9_36_2930929,4
9_36_2930935,2
9_36_2930936,3
9_36_2930938,4
9_36_2930958,4
9_36_2930979,2
9_36_2930986,3
9_36_2930988,3
9_36_2931009,3
9_36_2931027,2
9_36_2931046,3
9_36_2931051,2
9_36_2931052,4
9_36_2931084,4
9_36_2931098,3
9_36_2931104,3
9_36_2931130,3
9_36_2931155,4
9_36_2931325,5
9_36_2950638,5
9_36_2951420,5
9_36_3011085,5
9_36_3011906,3
9_36_3011940,2
9_36_3012039,3
9_36_3012056,2
9_36_3012080,3
9_36_3012090,2
9_36_3012096,2
9_36_3012154,2
9_36_3012160,3
9_36_3012176,3
9_36_3012185,2
9_36_3012198,3
9_36_3020095,3
9_36_3020125,1
9_36_3020211,3
9_36_3020246,2
9_36_3020251,2
9_36_3020297,2
9_36_3020322,3
9_36_3020328,3
9_36_3020367,3
9_36_3020368,3
9_36_3020375,2
9_36_3020391,3
9_36_3020406,3
9_36_3020420,3
9_36_3020437,3
9_36_3020445,3
9_36_3020446,2
9_36_3020462,3
9_36_3020464,2
9_36_3020489,1
9_36_3020494,3
9_36_3020495,3
9_36_3020508,2
9_36_3020511,3
9_36_3020516,3
9_36_3020520,3
9_36_3020523,3
9_36_3020537,1
9_36_3020540,3
9_36_3020550,4
9_36_3020554,2
9_36_3020565,3
9_36_3020586,2
9_36_3020596,1
9_36_3020614,2
9_36_3020849,4
9_36_3020908,4
9_36_3020938,2
9_36_3021103,4
9_36_3022195,5
9_36_3031186,5
9_36_3031241,5
9_36_3040948,1
9_36_3041171,2
9_36_3041209,3
9_36_3041801,5
9_36_3050842,5
9_36_3100397,5
9_36_3121012,4
9_36_3121013,5
9_36_3121108,5
9_36_3121200,5
9_36_3121446,5
9_36_3121488,5
9_36_3121688,4
9_36_3121699,4
9_36_3121712,4
9_36_3130059,4
9_36_3130067,4
9_36_3130079,4
9_36_3130394,5
9_36_3130909,5
9_36_3130926,5
9_36_3140470,5
9_36_3140624,5
9_36_3140743,5
9_36_3140851,5
9_36_3141208,5
9_36_3141287,5
9_36_3150954,1
9_36_3160369,5
9_36_3160472,5
9_36_3160668,5
9_36_3160678,5
9_36_3160734,5
9_36_3160753,5
9_36_3160888,5
9_36_3161070,5
9_36_3190181,5
9_36_3190217,5
9_36_3190352,5
9_36_3190404,5
9_36_3230792,5
9_36_3230808,5
9_36_3230905,4
9_36_3231011,4
9_36_3231030,5
9_36_3231148,4
9_36_3231155,4
9_36_3231228,5
9_36_3231251,4
9_36_3231322,4
9_36_3231336,4
9_36_3231339,4
9_36_3231361,4
9_36_3231450,5
9_36_3231586,4
9_36_3231616,4
9_36_3231646,4
9_36_3231650,5
9_36_3231653,2
9_36_3231708,5
9_36_3240151,4
9_36_3240156,4
9_36_3240391,5
9_36_3240558,4
9_36_3240823,5
9_36_3240869,5
9_36_3240920,5
9_36_3240973,5
9_36_3241177,5
9_36_3241443,5
9_36_3241534,5
9_36_3250449,5
9_36_3250552,5
9_36_3250578,5
9_36_3250600,5
9_36_3250609,5
9_36_3250633,5
9_36_3250662,5
9_36_3250687,5
9_36_3250714,5
9_36_3250865,5
9_36_3250902,5
9_36_3250955,3
9_36_3251011,5
9_36_3251251,5
9_36_3251423,5
9_36_3260341,4
9_36_3260694,5
9_36_3260860,5
9_36_3260917,5
9_36_3261129,4
9_36_3261262,5
9_36_3270519,5
9_36_3270543,4
9_36_3270595,4
9_36_3270608,4
10_37_431509,3
10_37_431658,4
10_37_431712,2
10_37_431744,4
10_37_431749,1
10_37_431777,4
10_37_431818,4
10_37_431878,4
10_37_431910,3
10_37_431952,3
10_37_431981,3
10_37_440172,4
10_37_440257,2
10_37_531206,3
10_37_531245,2
10_37_531250,3
10_37_531311,2
10_37_531317,4
10_37_531340,2
10_37_531342,2
10_37_531344,1
10_37_531348,3
10_37_531354,2
10_37_531370,3
10_37_531373,3
10_37_531422,3
10_37_531425,2
10_37_531432,4
10_37_531439,2
10_37_531486,4
10_37_531491,2
10_37_531501,4
10_37_531502,2
10_37_531527,2
10_37_531536,2
10_37_531537,2
10_37_531543,2
10_37_531552,2
10_37_531558,3
10_37_531560,3
10_37_531576,2
10_37_531586,2
10_37_531614,1
10_37_531617,3
10_37_551394,2
10_37_552180,1
10_37_552186,3
10_37_552198,3
10_37_552234,5
10_37_552301,4
10_37_552343,2
10_37_552377,3
10_37_552411,2
10_37_552417,2
10_37_761147,4
10_37_770938,5
10_37_800383,5
10_37_800595,4
10_37_800964,4
10_37_801138,4
10_37_810100,2
10_37_810193,4
10_37_880370,1
10_37_880373,4
10_37_880375,4
10_38_1331229,4
10_38_1340238,3
10_38_1340276,1
10_38_1361049,3
10_38_1361063,5
10_38_1361064,4
10_38_1361096,4
10_38_1361109,2
10_38_1361119,2
10_38_1361123,2
10_38_1361129,5
10_38_1361133,2
10_38_1361149,4
10_38_1361150,2
10_38_1361190,2
10_38_1450352,2
10_38_1450381,2
10_38_1450405,1
10_38_1450431,1
10_38_1450491,2
10_38_1450531,3
10_38_1450538,3
10_38_1450566,2
10_38_1450603,2
10_38_1450635,3
10_38_1450646,2
10_38_1450652,3
10_38_1661091,5
10_38_1661156,4
10_38_1661804,4
10_38_1670416,5
10_38_1691055,5
10_38_1691296,4
10_38_1700353,5
10_38_1700454,4
10_38_1700465,2
10_38_1700553,4
10_38_1700577,4
10_39_2220707,2
10_39_2220809,1
10_39_2220829,3
10_39_2220890,2
10_39_2220916,3
10_39_2220938,2
10_39_2220948,3
10_39_2220956,4
10_39_2220988,4
10_39_2221009,2
10_39_2221014,2
10_39_2221039,2
10_39_2221052,2
10_39_2221068,2
10_39_2221076,2
10_39_2221081,2
10_39_2221119,2
10_39_2241300,2
10_39_2241316,4
10_39_2241323,1
10_39_2241362,3
10_39_2241365,2
10_39_2241384,1
10_39_2241387,3
10_39_2241418,4
10_39_2241492,3
10_39_2241495,4
10_39_2241513,3
10_39_2241538,2
10_39_2241545,4
10_39_2241565,3
10_39_2330953,4
10_39_2330980,4
10_39_2440292,5
10_39_2440376,4
10_39_2460994,3
10_39_2540223,4
10_39_2540260,4
10_39_2540552,4
10_39_2540593,3
10_39_2550417,4
10_39_2570688,4
10_39_2580179,4
10_39_2580238,4
10_40_2990474,2
10_40_2990498,3
10_40_2990515,4
10_40_2990540,2
10_40_2990574,2
10_40_2990575,1
10_40_2990577,2
10_40_2990610,4
10_40_2990611,2
10_40_2990615,2
10_40_2990630,1
10_40_2990641,3
10_40_2990643,2
10_40_2990681,4
10_40_2990689,2
10_40_2990699,4
10_40_2990718,2
10_40_2990721,2
10_40_2990756,2
10_40_3011093,4
10_40_3011133,4
10_40_3011251,3
10_40_3011267,2
10_40_3011282,2
10_40_3011347,4
10_40_3011363,2
10_40_3100759,5
10_40_3100777,4
10_40_3100808,2
10_40_3100901,1
10_40_3310634,4
10_40_3310720,4
10_40_3310721,4
10_40_3310761,4
10_40_3310866,4
10_40_3311052,4
10_40_3320500,4
10_40_3320527,4
10_40_3330826,4
10_40_3340841,5
10_40_3350387,4
10_40_3350398,4
4_13_350477,2
4_13_350721,1
4_13_350888,2
4_13_350955,2
4_13_362053,2
4_13_370315,4
4_13_370316,1
4_13_370328,4
4_13_370376,2
4_13_370444,3
4_13_370452,3
4_13_370460,2
4_13_370495,1
4_13_370525,2
4_13_370543,3
4_13_370551,1
4_13_370556,2
4_13_441642,3
4_13_441756,2
4_13_441802,2
4_13_441829,3
4_13_441840,1
4_13_441941,2
4_13_441944,1
4_13_441999,1
4_13_442000,1
4_13_442006,2
4_13_450236,1
4_13_450248,2
4_13_450296,1
4_13_450306,1
4_13_450310,1
4_13_450323,2
4_13_450334,2
4_13_450341,2
4_13_450342,1
4_13_450346,2
4_13_450349,2
4_13_450356,1
4_13_450369,1
4_13_450393,2
4_13_450395,1
4_13_450416,2
4_13_450426,1
4_13_450496,1
4_13_450526,1
4_13_450567,2
4_13_450659,1
4_13_450812,2
4_13_460732,2
4_13_462668,3
4_13_470286,3
4_13_470394,1
4_13_470409,1
4_13_470433,4
4_13_470465,2
4_13_470560,3
4_13_470616,1
4_13_470622,2
4_13_470658,2
4_13_470667,2
4_13_470687,3
4_13_470688,1
4_13_470695,2
4_13_470706,2
4_13_470719,1
4_13_470722,1
4_13_470724,2
4_13_470727,3
4_13_470732,3
4_13_470755,2
4_13_470762,1
4_13_470773,1
4_13_470779,1
4_13_470783,2
4_13_470789,1
4_13_470808,2
4_13_470811,1
4_13_470833,1
4_13_470836,2
4_13_470863,3
4_13_470885,1
4_13_470893,2
4_13_470912,4
4_13_470936,1
4_13_470981,2
4_13_471009,4
4_13_471011,2
4_13_471022,2
4_13_471026,1
4_13_471103,2
4_13_471112,5
4_13_471115,3
4_13_471158,3
4_13_471182,1
4_13_471186,4
4_13_471188,2
4_13_471266,4
4_13_471285,4
4_13_541314,4
4_13_541455,2
4_13_541553,5
4_13_550127,5
4_13_571047,4
4_13_571283,4
4_13_571353,4
4_13_640437,4
4_13_641012,4
4_13_641105,4
4_13_671685,4
4_13_671757,5
4_13_680677,4
4_13_680698,2
4_13_680703,2
4_13_680721,4
4_13_680742,4
4_13_680854,5
4_13_680904,4
4_13_760177,2
4_14_1141312,2
4_14_1141601,2
4_14_1141697,2
4_14_1141739,1
4_14_1141839,2
4_14_1141865,2
4_14_1141918,2
4_14_1141930,1
4_14_1141936,3
4_14_1142001,2
4_14_1142057,2
4_14_1142064,1
4_14_1142066,2
4_14_1142068,1
4_14_1142076,2
4_14_1142096,2
4_14_1142099,1
4_14_1142126,2
4_14_1142171,1
4_14_1142179,1
4_14_1150162,2
4_14_1150175,2
4_14_1150247,1
4_14_1150265,2
4_14_1150267,1
4_14_1150275,2
4_14_1150298,1
4_14_1150314,1
4_14_1150339,1
4_14_1150342,2
4_14_1150471,1
4_14_1150532,1
4_14_1240891,4
4_14_1240912,2
4_14_1240920,1
4_14_1240974,2
4_14_1240997,2
4_14_1241024,1
4_14_1241085,1
4_14_1241098,1
4_14_1241110,2
4_14_1241182,1
4_14_1241209,1
4_14_1241258,1
4_14_1241268,1
4_14_1250049,1
4_14_1262093,1
4_14_1262188,3
4_14_1262217,2
4_14_1262277,2
4_14_1262278,2
4_14_1262294,1
4_14_1262308,2
4_14_1262318,1
4_14_1262322,1
4_14_1262326,2
4_14_1262340,2
4_14_1262355,2
4_14_1262361,2
4_14_1262363,2
4_14_1262365,1
4_14_1262368,3
4_14_1262381,2
4_14_1262405,2
4_14_1262410,1
4_14_1262411,2
4_14_1262443,2
4_14_1262459,3
4_14_1262464,4
4_14_1262467,2
4_14_1262485,1
4_14_1262497,4
4_14_1262504,1
4_14_1262507,2
4_14_1262527,4
4_14_1262543,1
4_14_1262549,2
4_14_1262562,1
4_14_1262570,2
4_14_1262572,2
4_14_1262581,2
4_14_1262582,2
4_14_1262589,2
4_14_1262599,2
4_14_1262601,1
4_14_1262602,1
4_14_1262608,2
4_14_1262612,1
4_14_1262613,2
4_14_1262614,2
4_14_1262626,1
4_14_1262628,2
4_14_1262629,2
4_14_1262633,2
4_14_1262634,2
4_14_1262643,1
4_14_1262644,2
4_14_1262650,2
4_14_1262667,2
4_14_1262676,2
4_14_1262719,1
4_14_1262754,1
4_14_1262771,1
4_14_1270135,1
4_14_1270148,2
4_14_1270153,2
4_14_1270159,2
4_14_1270176,2
4_14_1270192,1
4_14_1270197,2
4_14_1270223,1
4_14_1270268,1
4_14_1270496,3
4_14_1270516,5
4_14_1270557,1
4_14_1330553,5
4_14_1331207,5
4_14_1361579,3
4_14_1361611,1
4_14_1361701,3
4_14_1361729,2
4_14_1370097,1
4_14_1391250,5
4_14_1450641,2
4_14_1460287,5
4_14_1461409,4
4_14_1461445,4
4_14_1461570,5
4_14_1461706,4
4_14_1461748,4
4_14_1470131,4
4_14_1470437,4
4_14_1570308,1
4_15_1942174,3
4_15_1950269,2
4_15_1950281,2
4_15_1950314,2
4_15_1950333,1
4_15_1950375,2
4_15_1950393,2
4_15_1950403,2
4_15_1950465,1
4_15_1950481,2
4_15_1950510,1
4_15_1950530,3
4_15_1961738,2
4_15_1970377,4
4_15_1970417,2
4_15_2040883,3
4_15_2041470,1
4_15_2041482,2
4_15_2041497,1
4_15_2041499,3
4_15_2041576,1
4_15_2041627,2
4_15_2041637,1
4_15_2041648,1
4_15_2041657,2
4_15_2041659,2
4_15_2041681,2
4_15_2041691,2
4_15_2041693,2
4_15_2041704,1
4_15_2041706,4
4_15_2041726,4
4_15_2050057,1
4_15_2050065,1
4_15_2050075,2
4_15_2050076,2
4_15_2050152,2
4_15_2050191,1
4_15_2050197,2
4_15_2050235,1
4_15_2050238,3
4_15_2050241,1
4_15_2050272,1
4_15_2050281,2
4_15_2050313,3
4_15_2062576,1
4_15_2062592,3
4_15_2062673,1
4_15_2062698,2
4_15_2070258,2
4_15_2070373,2
4_15_2070403,2
4_15_2070414,3
4_15_2070418,1
4_15_2070437,1
4_15_2070442,1
4_15_2070452,1
4_15_2070453,2
4_15_2070454,1
4_15_2070470,2
4_15_2070472,1
4_15_2070482,1
4_15_2070494,1
4_15_2070501,1
4_15_2070516,1
4_15_2070519,1
4_15_2070524,2
4_15_2070535,2
4_15_2070539,2
4_15_2070547,1
4_15_2070548,1
4_15_2070554,2
4_15_2070564,2
4_15_2070565,3
4_15_2070583,1
4_15_2070629,1
4_15_2070633,1
4_15_2070635,1
4_15_2070637,3
4_15_2070647,2
4_15_2070665,2
4_15_2070679,2
4_15_2070683,1
4_15_2070706,2
4_15_2070718,1
4_15_2070738,2
4_15_2070758,1
4_15_2070772,4
4_15_2070773,1
4_15_2070788,2
4_15_2070811,3
4_15_2070816,2
4_15_2070868,2
4_15_2070877,1
4_15_2070880,2
4_15_2070978,2
4_15_2071018,3
4_15_2071036,3
4_15_2071062,4
4_15_2140591,2
4_15_2140609,4
4_15_2140650,4
4_15_2140865,4
4_15_2140884,4
4_15_2140914,4
4_15_2170274,2
4_15_2170401,1
4_15_2170547,4
4_15_2170554,3
4_15_2230868,5
4_15_2230898,4
4_15_2240827,2
4_15_2240879,4
4_15_2270634,4
4_15_2270854,4
4_15_2270880,4
4_15_2270911,4
4_15_2271551,4
4_15_2271646,4
4_16_2741557,1
4_16_2741622,2
4_16_2741693,1
4_16_2741716,2
4_16_2741741,2
4_16_2741762,2
4_16_2741766,2
4_16_2741771,2
4_16_2741802,2
4_16_2741847,2
4_16_2741851,1
4_16_2741866,1
4_16_2741875,1
4_16_2741888,2
4_16_2741893,2
4_16_2741923,2
4_16_2741926,1
4_16_2741943,1
4_16_2741946,3
4_16_2741959,2
4_16_2741960,1
4_16_2741991,2
4_16_2741997,2
4_16_2742029,2
4_16_2742032,2
4_16_2742076,1
4_16_2750238,2
4_16_2750241,1
4_16_2762197,2
4_16_2762198,3
4_16_2762243,1
4_16_2762273,2
4_16_2762285,3
4_16_2762311,1
4_16_2762320,1
4_16_2762372,1
4_16_2762379,1
4_16_2770152,2
4_16_2770176,3
4_16_2770253,1
4_16_2840404,2
4_16_2840430,2
4_16_2840438,2
4_16_2840439,1
4_16_2840451,2
4_16_2840457,1
4_16_2840478,1
4_16_2840500,2
4_16_2840518,1
4_16_2840567,2
4_16_2840576,2
4_16_2840747,5
4_16_2850071,1
4_16_2862196,1
4_16_2862273,3
4_16_2862301,2
4_16_2862317,2
4_16_2862351,4
4_16_2862358,2
4_16_2862379,2
4_16_2862388,4
4_16_2862396,2
4_16_2862423,2
4_16_2862425,1
4_16_2862434,3
4_16_2862435,4
4_16_2862442,1
4_16_2862450,2
4_16_2862463,1
4_16_2862467,1
4_16_2862469,2
4_16_2862471,2
4_16_2862474,2
4_16_2862476,2
4_16_2862482,1
4_16_2862483,1
4_16_2862496,1
4_16_2862513,2
4_16_2862521,1
4_16_2862523,2
4_16_2862546,1
4_16_2862549,2
4_16_2862560,1
4_16_2862563,1
4_16_2862571,2
4_16_2870131,1
4_16_2870139,1
4_16_2870164,3
4_16_2870165,1
4_16_2870170,2
4_16_2870187,1
4_16_2870191,1
4_16_2870249,1
4_16_2870291,2
4_16_2870304,1
4_16_2870308,1
4_16_2870323,4
4_16_2870325,2
4_16_2870328,2
4_16_2870376,1
4_16_2870379,1
4_16_2870418,3
4_16_2870427,2
4_16_2870431,4
4_16_2870439,3
4_16_2870445,1
4_16_2870448,2
4_16_2870467,1
4_16_2870469,2
4_16_2870488,2
4_16_2870501,3
4_16_2870558,2
4_16_2870571,3
4_16_2870572,3
4_16_2870577,3
4_16_2870614,4
4_16_2870622,1
4_16_2870635,3
4_16_2970458,5
4_16_3030481,1
4_16_3030506,4
4_16_3030599,4
4_16_3030646,4
4_16_3040592,4
4_16_3070760,4
4_16_3070821,5
4_16_3071400,4
4_16_3071423,5
4_16_3071500,3
4_16_3071501,4
4_16_3071548,4
3_9_331182,3
3_9_331237,2
3_9_331468,3
3_9_331479,4
3_9_331493,3
3_9_331496,3
3_9_331498,3
3_9_331530,2
3_9_331557,3
3_9_341354,4
3_9_401786,2
3_9_401919,1
3_9_401940,1
3_9_401952,2
3_9_402049,1
3_9_410095,1
3_9_422167,3
3_9_422170,1
3_9_422211,2
3_9_422251,2
3_9_422336,3
3_9_422479,2
3_9_422507,3
3_9_422584,3
3_9_422629,2
3_9_430117,2
3_9_430148,3
3_9_430223,3
3_9_430271,2
3_9_430344,5
3_9_430537,3
3_9_430658,2
3_9_430699,3
3_9_430720,3
3_9_430777,5
3_9_430816,3
3_9_430842,3
3_9_430945,5
3_9_491597,3
3_9_530266,5
3_9_581232,4
3_9_581239,4
3_9_581243,1
3_9_581254,4
3_9_581260,5
3_9_581262,4
3_9_581283,4
3_9_581355,4
3_9_670319,4
3_9_670350,4
3_9_670358,4
3_10_1011254,3
3_10_1011672,4
3_10_1011723,1
3_10_1011934,2
3_10_1012092,5
3_10_1012097,4
3_10_1070594,4
3_10_1071667,1
3_10_1071733,1
3_10_1071778,1
3_10_1071881,1
3_10_1071916,3
3_10_1071932,1
3_10_1071983,2
3_10_1072001,1
3_10_1072003,1
3_10_1072066,2
3_10_1072158,2
3_10_1091444,3
3_10_1092029,1
3_10_1092263,2
3_10_1151155,3
3_10_1151174,3
3_10_1181245,4
3_10_1190712,4
3_10_1230622,4
3_10_1230687,4
3_10_1230718,4
3_10_1230739,4
3_10_1230765,4
3_11_1581392,2
3_11_1661770,2
3_11_1671187,3
3_11_1671350,1
3_11_1671365,2
3_11_1671416,2
3_11_1671420,3
3_11_1671435,1
3_11_1671441,1
3_11_1671461,5
3_11_1671471,3
3_11_1671480,2
3_11_1671520,4
3_11_1671521,1
3_11_1671562,2
3_11_1671573,1
3_11_1671574,1
3_11_1671583,4
3_11_1671604,2
3_11_1671605,2
3_11_1671606,2
3_11_1671608,2
3_11_1671611,1
3_11_1671623,2
3_11_1671626,2
3_11_1671685,2
3_11_1671690,1
3_11_1671698,2
3_11_1671701,2
3_11_1671713,3
3_11_1671727,1
3_11_1671733,2
3_11_1671746,1
3_11_1671765,2
3_11_1671780,2
3_11_1671952,2
3_11_1672070,2
3_11_1691570,1
3_11_1691962,2
3_11_1691973,2
3_11_1692020,5
3_11_1692021,1
3_11_1692047,3
3_11_1692060,5
3_11_1692066,4
3_11_1692076,1
3_11_1692085,2
3_11_1692087,3
3_11_1692120,4
3_11_1692121,4
3_11_1692140,3
3_11_1692146,2
3_11_1692161,3
3_11_1692166,2
3_11_1692190,1
3_11_1692192,1
3_11_1692205,2
3_11_1692234,2
3_11_1692246,1
3_11_1692260,1
3_11_1692261,2
3_11_1692269,2
3_11_1692281,2
3_11_1692296,2
3_11_1692374,3
3_11_1692387,2
3_11_1692471,1
3_11_1692514,2
3_11_1692536,2
3_11_1692579,2
3_11_1692674,2
3_11_1700145,2
3_11_1700292,2
3_11_1700358,3
3_11_1700399,1
3_11_1700431,1
3_11_1760953,2
3_11_1790723,4
3_11_1790743,3
3_11_1790902,5
3_11_1841298,4
3_11_1841299,4
3_11_1841539,5
3_11_1850566,4
3_11_1880898,1
3_11_1880982,4
3_11_1880988,4
3_11_1881020,4
3_11_1881037,4
3_11_1881094,4
3_11_1881101,5
3_11_1881735,4
3_11_1881838,4
3_12_2330718,4
3_12_2331404,2
3_12_2332104,3
3_12_2332129,3
3_12_2332140,1
3_12_2332149,4
3_12_2332179,2
3_12_2332219,1
3_12_2332245,1
3_12_2332255,1
3_12_2332277,1
3_12_2332321,2
3_12_2332341,2
3_12_2332394,4
3_12_2332400,3
3_12_2340109,1
3_12_2340112,1
3_12_2340197,1
3_12_2340256,3
3_12_2340299,2
3_12_2340361,2
3_12_2340390,2
3_12_2340393,4
3_12_2340409,2
3_12_2340609,3
3_12_2340629,2
3_12_2340641,1
3_12_2340642,2
3_12_2340713,2
3_12_2340806,2
3_12_2352570,5
3_12_2352738,2
3_12_2352759,2
3_12_2352765,2
3_12_2352792,3
3_12_2352793,4
3_12_2352795,2
3_12_2352805,2
3_12_2352812,1
3_12_2352822,1
3_12_2352832,1
3_12_2352851,1
3_12_2352853,4
3_12_2352869,1
3_12_2352891,3
3_12_2360267,2
3_12_2360326,1
3_12_2360351,1
3_12_2360352,1
3_12_2360387,4
3_12_2360391,3
3_12_2360395,3
3_12_2360418,2
3_12_2360419,2
3_12_2360430,2
3_12_2360440,1
3_12_2360450,2
3_12_2360463,1
3_12_2360471,2
3_12_2360477,3
3_12_2360489,1
3_12_2360500,1
3_12_2360501,3
3_12_2360528,2
3_12_2360566,2
3_12_2360577,3
3_12_2360595,2
3_12_2360617,2
3_12_2360638,2
3_12_2360656,2
3_12_2360684,1
3_12_2360688,1
3_12_2360690,2
3_12_2360716,5
3_12_2360772,1
3_12_2360847,1
3_12_2360872,2
3_12_2361088,3
3_12_2361234,4
3_12_2431143,3
3_12_2440399,1
3_12_2460367,2
3_12_2460415,1
3_12_2460505,1
3_12_2460522,1
3_12_2460537,4
3_12_2460577,3
3_12_2460587,3
3_12_2460606,3
3_12_2460644,5
3_12_2460671,3
3_12_2460689,5
3_12_2460712,3
3_12_2521592,4
3_12_2530224,4
3_12_2530768,4
3_12_2560807,5
3_12_2561079,4
3_12_2561147,4
3_12_2570493,4
3_12_2570499,4
3_12_2570525,4
3_12_2570549,4
3_12_2620184,4
3_12_2620232,4
3_12_2670258,5
3_12_2670261,4
3_12_2670271,2
11_41_70783,5
11_41_191387,5
11_41_311504,2
11_41_311550,1
11_41_320248,1
11_41_331352,5
11_41_340897,5
11_41_350356,5
11_41_411555,2
11_41_411581,3
11_41_411582,3
11_41_411627,2
11_41_411681,4
11_41_411716,2
11_41_411726,3
11_41_411741,2
11_41_411759,3
11_41_411770,2
11_41_411774,2
11_41_411877,1
11_41_432072,3
11_41_432083,5
11_41_432187,4
11_41_432205,4
11_41_440544,1
11_41_440613,3
11_41_441961,5
11_41_530863,5
11_41_531019,5
11_41_560850,5
11_41_561484,5
11_41_571019,5
11_41_650622,4
11_41_651180,4
11_41_651209,5
11_41_651248,4
11_41_651275,5
11_41_661527,5
11_41_670233,5
11_41_690291,1
11_41_770153,4
11_41_770174,4
11_41_770209,4
11_41_770374,5
11_41_770435,4
11_41_770607,4
11_41_770616,4
11_42_1151066,1
11_42_1151271,2
11_42_1151281,3
11_42_1151293,1
11_42_1151301,3
11_42_1151313,2
11_42_1151314,3
11_42_1151328,2
11_42_1151344,3
11_42_1151386,3
11_42_1250834,2
11_42_1250840,3
11_42_1250902,3
11_42_1250904,1
11_42_1250923,1
11_42_1251843,4
11_42_1280423,5
11_42_1292127,5
11_42_1371124,4
11_42_1401265,4
11_42_1401292,4
11_42_1481559,2
11_42_1490250,5
11_42_1490256,5
11_42_1490260,5
11_42_1490275,4
11_42_1490278,5
11_42_1490306,4
11_42_1490325,4
11_42_1490337,5
11_42_1490375,4
11_42_1490479,4
11_42_1490518,4
11_42_1491352,5
11_42_1520270,1
11_42_1520289,4
11_42_1520691,4
11_42_1520727,4
11_42_1520776,4
11_42_1600221,2
11_42_1600248,5
11_42_1610196,4
11_43_2120482,4
11_43_2211653,4
11_43_2211781,2
11_43_2211783,3
11_43_2211802,3
11_43_2211820,2
11_43_2211872,3
11_43_2211921,3
11_43_2211922,2
11_43_2211931,1
11_43_2232145,1
11_43_2240552,2
11_43_2450394,4
11_43_2450400,4
11_43_2450427,4
11_43_2450494,5
11_43_2450539,4
11_43_2450630,5
11_43_2450658,5
11_43_2450819,4
11_43_2481134,4
11_43_2570088,4
11_43_2570115,2
11_43_2570144,4
11_44_3200552,4
11_44_3200584,2
11_44_3291036,4
11_44_3291046,5
11_44_3291251,4
11_44_3401105,5
11_44_3401235,5
11_44_3401295,5
11_44_3401318,4
11_44_3401320,5
11_44_3410263,4
11_44_3410335,2
11_44_3410342,4
11_44_3410362,4
11_44_3410369,4
11_44_3410388,4
11_44_3410441,4
11_44_3441130,4
11_44_3441139,4
11_44_3441148,4
11_44_3441155,4
11_44_3441248,4
11_44_3441280,4
11_44_3530126,4
2_5_180554,5
2_5_351925,5
2_5_370082,4
2_5_370083,2
2_5_370110,4
2_5_370112,3
2_5_370125,5
2_5_370131,2
2_5_370186,4
2_5_370188,1
2_5_370194,4
2_5_370196,5
2_5_370219,5
2_5_370230,3
2_5_381923,5
2_5_441608,5
2_5_441811,3
2_5_441853,3
2_5_450963,1
2_5_451064,1
2_5_451122,1
2_5_451150,1
2_5_451217,3
2_5_451220,1
2_5_451462,4
2_5_460948,5
2_5_461503,5
2_5_461532,4
2_5_461937,5
2_5_470533,3
2_5_470854,4
2_5_471422,3
2_5_471740,5
2_5_471972,2
2_5_472002,2
2_5_472250,3
2_5_480260,5
2_5_480311,3
2_5_480600,5
2_5_481643,4
2_5_491957,5
2_5_541329,5
2_5_541345,4
2_5_550910,1
2_5_550970,1
2_5_550994,2
2_5_550999,5
2_5_551207,5
2_5_560271,5
2_5_560436,5
2_5_561080,5
2_5_571071,5
2_5_580547,5
2_5_580784,4
2_5_581176,4
2_5_590710,3
2_5_590781,1
2_5_590861,5
2_5_630787,5
2_5_650948,4
2_5_650983,5
2_5_650991,4
2_5_651022,5
2_5_651167,5
2_5_651458,5
2_5_660739,4
2_5_750417,4
2_5_750440,4
2_5_750479,5
2_5_750483,4
2_5_750505,4
2_5_760202,5
2_5_770507,5
2_6_870255,5
2_6_870311,5
2_6_1070265,5
2_6_1111650,3
2_6_1112013,1
2_6_1112020,1
2_6_1131391,4
2_6_1131440,3
2_6_1131494,5
2_6_1131508,3
2_6_1131524,5
2_6_1131545,3
2_6_1131585,4
2_6_1131603,5
2_6_1131641,5
2_6_1131828,3
2_6_1131842,1
2_6_1131898,3
2_6_1131913,3
2_6_1131953,1
2_6_1131996,4
2_6_1132010,2
2_6_1132032,4
2_6_1132057,4
2_6_1132058,1
2_6_1132090,3
2_6_1132209,2
2_6_1132230,5
2_6_1180970,5
2_6_1191314,1
2_6_1201243,2
2_6_1201323,4
2_6_1201545,1
2_6_1201570,1
2_6_1201585,1
2_6_1201586,1
2_6_1201593,1
2_6_1201610,1
2_6_1201620,2
2_6_1210412,3
2_6_1210474,4
2_6_1212049,4
2_6_1212539,5
2_6_1221525,5
2_6_1221550,5
2_6_1222347,5
2_6_1230522,3
2_6_1230551,4
2_6_1230630,3
2_6_1230635,5
2_6_1230703,4
2_6_1230746,5
2_6_1230754,5
2_6_1230804,5
2_6_1320564,5
2_6_1320573,5
2_6_1320824,5
2_6_1320848,5
2_6_1321471,4
2_6_1330610,4
2_6_1330638,3
2_6_1330790,4
2_6_1380648,4
2_6_1380691,4
2_6_1380694,4
2_6_1380706,4
2_6_1380709,5
2_6_1380938,4
2_6_1390419,4
2_6_1420663,4
2_7_1600135,5
2_7_1720415,5
2_7_1841185,5
2_7_1850814,4
2_7_1851072,5
2_7_1851201,3
2_7_1851309,4
2_7_1851353,2
2_7_1851369,5
2_7_1851390,3
2_7_1851485,3
2_7_1851513,3
2_7_1851534,4
2_7_1851537,4
2_7_1851579,3
2_7_1851649,2
2_7_1851651,4
2_7_1851654,3
2_7_1851663,2
2_7_1851677,4
2_7_1851687,2
2_7_1851697,4
2_7_1851751,2
2_7_1851763,2
2_7_1851837,3
2_7_1851844,4
2_7_1852004,4
2_7_1852168,2
2_7_1852422,2
2_7_1860248,1
2_7_1910252,5
2_7_1921511,3
2_7_1921528,1
2_7_1921544,2
2_7_1921718,1
2_7_1921806,1
2_7_1921869,2
2_7_1921901,2
2_7_1921911,3
2_7_1921938,4
2_7_1922013,2
2_7_1922032,2
2_7_1922089,2
2_7_1922345,1
2_7_1930906,5
2_7_1931114,5
2_7_1931969,5
2_7_1932142,5
2_7_1942232,1
2_7_1942280,3
2_7_1950314,5
2_7_1950408,4
2_7_1950460,3
2_7_1950568,5
2_7_1950645,4
2_7_1950847,5
2_7_1950854,3
2_7_1950899,3
2_7_1950924,4
2_7_1950949,5
2_7_1951077,5
2_7_1951101,4
2_7_1960337,4
2_7_2000250,5
2_7_2011641,3
2_7_2020150,3
2_7_2021645,5
2_7_2030401,5
2_7_2041370,5
2_7_2041381,5
2_7_2051104,4
2_7_2051202,5
2_7_2051219,5
2_7_2080171,5
2_7_2101513,4
2_7_2101558,5
2_7_2101762,4
2_7_2101835,5
2_7_2110180,3
2_7_2111191,5
2_7_2121305,5
2_7_2190510,4
2_7_2200667,5
2_8_2461494,2
2_8_2550752,1
2_8_2550951,2
2_8_2550958,4
2_8_2550988,2
2_8_2551292,3
2_8_2561096,5
2_8_2570758,3
2_8_2570806,3
2_8_2571239,3
2_8_2571246,3
2_8_2571252,5
2_8_2571274,1
2_8_2571309,5
2_8_2571330,3
2_8_2571403,4
2_8_2571431,2
2_8_2571437,4
2_8_2572334,3
2_8_2572361,3
2_8_2620729,5
2_8_2631843,5
2_8_2640214,3
2_8_2650527,4
2_8_2661323,4
2_8_2661336,4
2_8_2661338,5
2_8_2661462,5
2_8_2720664,5
2_8_2720711,5
2_8_2720809,4
2_8_2720846,5
2_8_2720869,5
2_8_2721230,5
2_8_2721340,4
2_8_2751207,5
2_8_2751342,4
2_8_2751548,5
2_8_2760445,5
2_8_2760973,4
2_8_2760994,3
2_8_2820280,5
2_8_2820303,5
1_1_80273,5
1_1_110365,5
1_1_190824,5
1_1_200459,2
1_1_200590,1
1_1_200630,1
1_1_201041,1
1_1_211429,5
1_1_212021,5
1_1_270336,4
1_1_270382,5
1_1_270390,5
1_1_270423,5
1_1_270462,5
1_1_270594,4
1_1_270851,3
1_1_290539,5
1_1_290595,5
1_1_300805,3
1_1_300838,4
1_1_300867,3
1_1_300961,5
1_1_301094,5
1_1_301115,4
1_1_301444,2
1_1_310422,5
1_1_351117,5
1_1_351163,5
1_1_351170,5
1_1_351247,3
1_1_351262,4
1_1_351319,4
1_1_351324,4
1_1_351484,4
1_1_351533,3
1_1_351739,4
1_1_360129,4
1_1_370681,4
1_1_380557,4
1_1_381041,4
1_1_390156,4
1_1_390897,5
1_1_390908,5
1_1_430276,4
1_1_430301,4
1_1_430370,3
1_1_430432,1
1_1_430436,4
1_1_460573,5
1_2_611234,1
1_2_611333,1
1_2_630791,4
1_2_650254,5
1_2_691062,5
1_2_700959,1
1_2_701340,1
1_2_701760,2
1_2_701813,2
1_2_701912,2
1_2_701945,5
1_2_702019,3
1_2_702032,2
1_2_710465,4
1_2_711298,4
1_2_711705,4
1_2_721077,4
1_2_721081,2
1_2_721126,4
1_2_721148,3
1_2_721151,2
1_2_721152,3
1_2_721171,4
1_2_721174,4
1_2_721436,2
1_2_721453,5
1_2_721548,5
1_2_721762,4
1_2_721897,3
1_2_721933,2
1_2_722015,3
1_2_730651,5
1_2_731044,4
1_2_731475,4
1_2_732062,5
1_2_750380,5
1_2_781014,5
1_2_781485,5
1_2_790552,5
1_2_790564,3
1_2_790799,1
1_2_791316,5
1_2_800701,4
1_2_811085,5
1_2_811523,4
1_2_811769,5
1_2_811785,5
1_2_811998,3
1_2_812030,2
1_2_812075,5
1_2_812076,4
1_2_812080,5
1_2_812148,3
1_2_820144,3
1_2_820183,2
1_2_820244,3
1_2_820304,3
1_2_820324,3
1_2_820342,4
1_2_820343,5
1_2_820368,5
1_2_820407,3
1_2_831477,5
1_2_871400,4
1_2_871415,4
1_2_871424,4
1_2_871428,4
1_2_871444,4
1_2_871448,5
1_2_871681,4
1_2_880518,4
1_2_880741,5
1_2_880857,4
1_2_910831,4
1_2_910850,5
1_2_910986,5
1_2_911050,5
1_2_911556,3
1_2_911600,5
1_2_960332,5
1_2_981141,4
1_3_1090237,5
1_3_1210613,1
1_3_1211574,5
1_3_1212320,1
1_3_1212418,1
1_3_1240204,5
1_3_1290392,1
1_3_1290431,1
1_3_1290902,2
1_3_1291175,2
1_3_1291326,1
1_3_1291440,1
1_3_1300462,2
1_3_1302138,5
1_3_1310932,5
1_3_1310966,3
1_3_1310990,5
1_3_1311032,5
1_3_1311255,3
1_3_1340489,5
1_3_1450522,4
1_3_1450572,5
1_4_1530946,5
1_4_1611167,4
1_4_1611205,4
1_4_1611932,1
1_4_1621033,3
1_4_1632384,5
1_4_1632385,4
1_4_1632407,2
1_4_1632681,2
1_4_1640333,1
1_4_1640452,4
1_4_1640513,2
1_4_1640627,1
1_4_1640680,3
1_4_1640783,5
1_4_1640810,4
1_4_1641112,4
1_4_1642166,4
1_4_1690552,3
1_4_1691164,1
1_4_1692056,2
1_4_1700164,2
1_4_1700952,4
1_4_1701295,4
1_4_1711098,4
1_4_1720744,4
1_4_1720974,3
1_4_1721061,2
1_4_1721074,5
1_4_1721267,5
1_4_1721275,5
1_4_1721310,5
1_4_1721367,5
1_4_1721407,4
1_4_1730966,5
1_4_1771845,5
1_4_1810318,4
1_4_1810429,4
1_4_1810924,5
1_4_1811109,4
1_4_1811132,4
1_4_1811183,5
1_4_1811214,5
1_4_1820853,5
1_4_1850646,4
1_4_1850684,5
1_4_1850690,5
1_4_1850698,4
1_4_1850751,4
1_4_1850785,4
1_4_1871079,5
